region,fixed_reliability,seed,method,share,share_tag,placement_trace_path
Alabama,0.9,1,DMDCA,"0.5,0.5",0p5_0p5,D:\Study\Code_1\paper_data\workload_sharing_sensitivity\Alabama\R0p900\DMDCA_share0p5_0p5\seed1\placement_trace_Alabama_mdca_seed1.json
Alabama,0.9,2,DMDCA,"0.5,0.5",0p5_0p5,D:\Study\Code_1\paper_data\workload_sharing_sensitivity\Alabama\R0p900\DMDCA_share0p5_0p5\seed2\placement_trace_Alabama_mdca_seed2.json
Alabama,0.9,3,DMDCA,"0.5,0.5",0p5_0p5,D:\Study\Code_1\paper_data\workload_sharing_sensitivity\Alabama\R0p900\DMDCA_share0p5_0p5\seed3\placement_trace_Alabama_mdca_seed3.json
Alabama,0.9,4,DMDCA,"0.5,0.5",0p5_0p5,D:\Study\Code_1\paper_data\workload_sharing_sensitivity\Alabama\R0p900\DMDCA_share0p5_0p5\seed4\placement_trace_Alabama_mdca_seed4.json
Alabama,0.9,5,DMDCA,"0.5,0.5",0p5_0p5,D:\Study\Code_1\paper_data\workload_sharing_sensitivity\Alabama\R0p900\DMDCA_share0p5_0p5\seed5\placement_trace_Alabama_mdca_seed5.json
Alabama,0.9,1,MDCA,,,D:\Study\Code_1\paper_data\workload_sharing_sensitivity\Alabama\R0p900\MDCA\seed1\placement_trace_Alabama_mdca_seed1.json
Alabama,0.9,2,MDCA,,,D:\Study\Code_1\paper_data\workload_sharing_sensitivity\Alabama\R0p900\MDCA\seed2\placement_trace_Alabama_mdca_seed2.json
Alabama,0.9,3,MDCA,,,D:\Study\Code_1\paper_data\workload_sharing_sensitivity\Alabama\R0p900\MDCA\seed3\placement_trace_Alabama_mdca_seed3.json
Alabama,0.9,4,MDCA,,,D:\Study\Code_1\paper_data\workload_sharing_sensitivity\Alabama\R0p900\MDCA\seed4\placement_trace_Alabama_mdca_seed4.json
Alabama,0.9,5,MDCA,,,D:\Study\Code_1\paper_data\workload_sharing_sensitivity\Alabama\R0p900\MDCA\seed5\placement_trace_Alabama_mdca_seed5.json
Alabama,0.95,1,DMDCA,"0.5,0.5",0p5_0p5,D:\Study\Code_1\paper_data\workload_sharing_sensitivity\Alabama\R0p950\DMDCA_share0p5_0p5\seed1\placement_trace_Alabama_mdca_seed1.json
Alabama,0.95,2,DMDCA,"0.5,0.5",0p5_0p5,D:\Study\Code_1\paper_data\workload_sharing_sensitivity\Alabama\R0p950\DMDCA_share0p5_0p5\seed2\placement_trace_Alabama_mdca_seed2.json
Alabama,0.95,3,DMDCA,"0.5,0.5",0p5_0p5,D:\Study\Code_1\paper_data\workload_sharing_sensitivity\Alabama\R0p950\DMDCA_share0p5_0p5\seed3\placement_trace_Alabama_mdca_seed3.json
Alabama,0.95,4,DMDCA,"0.5,0.5",0p5_0p5,D:\Study\Code_1\paper_data\workload_sharing_sensitivity\Alabama\R0p950\DMDCA_share0p5_0p5\seed4\placement_trace_Alabama_mdca_seed4.json
Alabama,0.95,5,DMDCA,"0.5,0.5",0p5_0p5,D:\Study\Code_1\paper_data\workload_sharing_sensitivity\Alabama\R0p950\DMDCA_share0p5_0p5\seed5\placement_trace_Alabama_mdca_seed5.json
Alabama,0.95,1,MDCA,,,D:\Study\Code_1\paper_data\workload_sharing_sensitivity\Alabama\R0p950\MDCA\seed1\placement_trace_Alabama_mdca_seed1.json
Alabama,0.95,2,MDCA,,,D:\Study\Code_1\paper_data\workload_sharing_sensitivity\Alabama\R0p950\MDCA\seed2\placement_trace_Alabama_mdca_seed2.json
Alabama,0.95,3,MDCA,,,D:\Study\Code_1\paper_data\workload_sharing_sensitivity\Alabama\R0p950\MDCA\seed3\placement_trace_Alabama_mdca_seed3.json
Alabama,0.95,4,MDCA,,,D:\Study\Code_1\paper_data\workload_sharing_sensitivity\Alabama\R0p950\MDCA\seed4\placement_trace_Alabama_mdca_seed4.json
Alabama,0.95,5,MDCA,,,D:\Study\Code_1\paper_data\workload_sharing_sensitivity\Alabama\R0p950\MDCA\seed5\placement_trace_Alabama_mdca_seed5.json
Alabama,0.99,1,DMDCA,"0.5,0.5",0p5_0p5,D:\Study\Code_1\paper_data\workload_sharing_sensitivity\Alabama\R0p990\DMDCA_share0p5_0p5\seed1\placement_trace_Alabama_mdca_seed1.json
Alabama,0.99,2,DMDCA,"0.5,0.5",0p5_0p5,D:\Study\Code_1\paper_data\workload_sharing_sensitivity\Alabama\R0p990\DMDCA_share0p5_0p5\seed2\placement_trace_Alabama_mdca_seed2.json
Alabama,0.99,3,DMDCA,"0.5,0.5",0p5_0p5,D:\Study\Code_1\paper_data\workload_sharing_sensitivity\Alabama\R0p990\DMDCA_share0p5_0p5\seed3\placement_trace_Alabama_mdca_seed3.json
Alabama,0.99,4,DMDCA,"0.5,0.5",0p5_0p5,D:\Study\Code_1\paper_data\workload_sharing_sensitivity\Alabama\R0p990\DMDCA_share0p5_0p5\seed4\placement_trace_Alabama_mdca_seed4.json
Alabama,0.99,5,DMDCA,"0.5,0.5",0p5_0p5,D:\Study\Code_1\paper_data\workload_sharing_sensitivity\Alabama\R0p990\DMDCA_share0p5_0p5\seed5\placement_trace_Alabama_mdca_seed5.json
Alabama,0.99,1,MDCA,,,D:\Study\Code_1\paper_data\workload_sharing_sensitivity\Alabama\R0p990\MDCA\seed1\placement_trace_Alabama_mdca_seed1.json
Alabama,0.99,2,MDCA,,,D:\Study\Code_1\paper_data\workload_sharing_sensitivity\Alabama\R0p990\MDCA\seed2\placement_trace_Alabama_mdca_seed2.json
Alabama,0.99,3,MDCA,,,D:\Study\Code_1\paper_data\workload_sharing_sensitivity\Alabama\R0p990\MDCA\seed3\placement_trace_Alabama_mdca_seed3.json
Alabama,0.99,4,MDCA,,,D:\Study\Code_1\paper_data\workload_sharing_sensitivity\Alabama\R0p990\MDCA\seed4\placement_trace_Alabama_mdca_seed4.json
Alabama,0.99,5,MDCA,,,D:\Study\Code_1\paper_data\workload_sharing_sensitivity\Alabama\R0p990\MDCA\seed5\placement_trace_Alabama_mdca_seed5.json
Alabama,0.996,1,DMDCA,"0.5,0.5",0p5_0p5,D:\Study\Code_1\paper_data\workload_sharing_sensitivity\Alabama\R0p996\DMDCA_share0p5_0p5\seed1\placement_trace_Alabama_mdca_seed1.json
Alabama,0.996,2,DMDCA,"0.5,0.5",0p5_0p5,D:\Study\Code_1\paper_data\workload_sharing_sensitivity\Alabama\R0p996\DMDCA_share0p5_0p5\seed2\placement_trace_Alabama_mdca_seed2.json
Alabama,0.996,3,DMDCA,"0.5,0.5",0p5_0p5,D:\Study\Code_1\paper_data\workload_sharing_sensitivity\Alabama\R0p996\DMDCA_share0p5_0p5\seed3\placement_trace_Alabama_mdca_seed3.json
Alabama,0.996,4,DMDCA,"0.5,0.5",0p5_0p5,D:\Study\Code_1\paper_data\workload_sharing_sensitivity\Alabama\R0p996\DMDCA_share0p5_0p5\seed4\placement_trace_Alabama_mdca_seed4.json
Alabama,0.996,5,DMDCA,"0.5,0.5",0p5_0p5,D:\Study\Code_1\paper_data\workload_sharing_sensitivity\Alabama\R0p996\DMDCA_share0p5_0p5\seed5\placement_trace_Alabama_mdca_seed5.json
Alabama,0.996,1,MDCA,,,D:\Study\Code_1\paper_data\workload_sharing_sensitivity\Alabama\R0p996\MDCA\seed1\placement_trace_Alabama_mdca_seed1.json
Alabama,0.996,2,MDCA,,,D:\Study\Code_1\paper_data\workload_sharing_sensitivity\Alabama\R0p996\MDCA\seed2\placement_trace_Alabama_mdca_seed2.json
Alabama,0.996,3,MDCA,,,D:\Study\Code_1\paper_data\workload_sharing_sensitivity\Alabama\R0p996\MDCA\seed3\placement_trace_Alabama_mdca_seed3.json
Alabama,0.996,4,MDCA,,,D:\Study\Code_1\paper_data\workload_sharing_sensitivity\Alabama\R0p996\MDCA\seed4\placement_trace_Alabama_mdca_seed4.json
Alabama,0.996,5,MDCA,,,D:\Study\Code_1\paper_data\workload_sharing_sensitivity\Alabama\R0p996\MDCA\seed5\placement_trace_Alabama_mdca_seed5.json
Alabama,0.998,1,DMDCA,"0.5,0.5",0p5_0p5,D:\Study\Code_1\paper_data\workload_sharing_sensitivity\Alabama\R0p998\DMDCA_share0p5_0p5\seed1\placement_trace_Alabama_mdca_seed1.json
Alabama,0.998,2,DMDCA,"0.5,0.5",0p5_0p5,D:\Study\Code_1\paper_data\workload_sharing_sensitivity\Alabama\R0p998\DMDCA_share0p5_0p5\seed2\placement_trace_Alabama_mdca_seed2.json
Alabama,0.998,3,DMDCA,"0.5,0.5",0p5_0p5,D:\Study\Code_1\paper_data\workload_sharing_sensitivity\Alabama\R0p998\DMDCA_share0p5_0p5\seed3\placement_trace_Alabama_mdca_seed3.json
Alabama,0.998,4,DMDCA,"0.5,0.5",0p5_0p5,D:\Study\Code_1\paper_data\workload_sharing_sensitivity\Alabama\R0p998\DMDCA_share0p5_0p5\seed4\placement_trace_Alabama_mdca_seed4.json
Alabama,0.998,5,DMDCA,"0.5,0.5",0p5_0p5,D:\Study\Code_1\paper_data\workload_sharing_sensitivity\Alabama\R0p998\DMDCA_share0p5_0p5\seed5\placement_trace_Alabama_mdca_seed5.json
Alabama,0.998,1,MDCA,,,D:\Study\Code_1\paper_data\workload_sharing_sensitivity\Alabama\R0p998\MDCA\seed1\placement_trace_Alabama_mdca_seed1.json
Alabama,0.998,2,MDCA,,,D:\Study\Code_1\paper_data\workload_sharing_sensitivity\Alabama\R0p998\MDCA\seed2\placement_trace_Alabama_mdca_seed2.json
Alabama,0.998,3,MDCA,,,D:\Study\Code_1\paper_data\workload_sharing_sensitivity\Alabama\R0p998\MDCA\seed3\placement_trace_Alabama_mdca_seed3.json
Alabama,0.998,4,MDCA,,,D:\Study\Code_1\paper_data\workload_sharing_sensitivity\Alabama\R0p998\MDCA\seed4\placement_trace_Alabama_mdca_seed4.json
Alabama,0.998,5,MDCA,,,D:\Study\Code_1\paper_data\workload_sharing_sensitivity\Alabama\R0p998\MDCA\seed5\placement_trace_Alabama_mdca_seed5.json
Alabama,0.999,1,DMDCA,"0.5,0.5",0p5_0p5,D:\Study\Code_1\paper_data\workload_sharing_sensitivity\Alabama\R0p999\DMDCA_share0p5_0p5\seed1\placement_trace_Alabama_mdca_seed1.json
Alabama,0.999,2,DMDCA,"0.5,0.5",0p5_0p5,D:\Study\Code_1\paper_data\workload_sharing_sensitivity\Alabama\R0p999\DMDCA_share0p5_0p5\seed2\placement_trace_Alabama_mdca_seed2.json
Alabama,0.999,3,DMDCA,"0.5,0.5",0p5_0p5,D:\Study\Code_1\paper_data\workload_sharing_sensitivity\Alabama\R0p999\DMDCA_share0p5_0p5\seed3\placement_trace_Alabama_mdca_seed3.json
Alabama,0.999,4,DMDCA,"0.5,0.5",0p5_0p5,D:\Study\Code_1\paper_data\workload_sharing_sensitivity\Alabama\R0p999\DMDCA_share0p5_0p5\seed4\placement_trace_Alabama_mdca_seed4.json
Alabama,0.999,5,DMDCA,"0.5,0.5",0p5_0p5,D:\Study\Code_1\paper_data\workload_sharing_sensitivity\Alabama\R0p999\DMDCA_share0p5_0p5\seed5\placement_trace_Alabama_mdca_seed5.json
Alabama,0.999,1,MDCA,,,D:\Study\Code_1\paper_data\workload_sharing_sensitivity\Alabama\R0p999\MDCA\seed1\placement_trace_Alabama_mdca_seed1.json
Alabama,0.999,2,MDCA,,,D:\Study\Code_1\paper_data\workload_sharing_sensitivity\Alabama\R0p999\MDCA\seed2\placement_trace_Alabama_mdca_seed2.json
Alabama,0.999,3,MDCA,,,D:\Study\Code_1\paper_data\workload_sharing_sensitivity\Alabama\R0p999\MDCA\seed3\placement_trace_Alabama_mdca_seed3.json
Alabama,0.999,4,MDCA,,,D:\Study\Code_1\paper_data\workload_sharing_sensitivity\Alabama\R0p999\MDCA\seed4\placement_trace_Alabama_mdca_seed4.json
Alabama,0.999,5,MDCA,,,D:\Study\Code_1\paper_data\workload_sharing_sensitivity\Alabama\R0p999\MDCA\seed5\placement_trace_Alabama_mdca_seed5.json
Arizona,0.9,1,DMDCA,"0.5,0.5",0p5_0p5,D:\Study\Code_1\paper_data\workload_sharing_sensitivity\Arizona\R0p900\DMDCA_share0p5_0p5\seed1\placement_trace_Arizona_mdca_seed1.json
Arizona,0.9,2,DMDCA,"0.5,0.5",0p5_0p5,D:\Study\Code_1\paper_data\workload_sharing_sensitivity\Arizona\R0p900\DMDCA_share0p5_0p5\seed2\placement_trace_Arizona_mdca_seed2.json
Arizona,0.9,3,DMDCA,"0.5,0.5",0p5_0p5,D:\Study\Code_1\paper_data\workload_sharing_sensitivity\Arizona\R0p900\DMDCA_share0p5_0p5\seed3\placement_trace_Arizona_mdca_seed3.json
Arizona,0.9,4,DMDCA,"0.5,0.5",0p5_0p5,D:\Study\Code_1\paper_data\workload_sharing_sensitivity\Arizona\R0p900\DMDCA_share0p5_0p5\seed4\placement_trace_Arizona_mdca_seed4.json
Arizona,0.9,5,DMDCA,"0.5,0.5",0p5_0p5,D:\Study\Code_1\paper_data\workload_sharing_sensitivity\Arizona\R0p900\DMDCA_share0p5_0p5\seed5\placement_trace_Arizona_mdca_seed5.json
Arizona,0.9,1,MDCA,,,D:\Study\Code_1\paper_data\workload_sharing_sensitivity\Arizona\R0p900\MDCA\seed1\placement_trace_Arizona_mdca_seed1.json
Arizona,0.9,2,MDCA,,,D:\Study\Code_1\paper_data\workload_sharing_sensitivity\Arizona\R0p900\MDCA\seed2\placement_trace_Arizona_mdca_seed2.json
Arizona,0.9,3,MDCA,,,D:\Study\Code_1\paper_data\workload_sharing_sensitivity\Arizona\R0p900\MDCA\seed3\placement_trace_Arizona_mdca_seed3.json
Arizona,0.9,4,MDCA,,,D:\Study\Code_1\paper_data\workload_sharing_sensitivity\Arizona\R0p900\MDCA\seed4\placement_trace_Arizona_mdca_seed4.json
Arizona,0.9,5,MDCA,,,D:\Study\Code_1\paper_data\workload_sharing_sensitivity\Arizona\R0p900\MDCA\seed5\placement_trace_Arizona_mdca_seed5.json
Arizona,0.95,1,DMDCA,"0.5,0.5",0p5_0p5,D:\Study\Code_1\paper_data\workload_sharing_sensitivity\Arizona\R0p950\DMDCA_share0p5_0p5\seed1\placement_trace_Arizona_mdca_seed1.json
Arizona,0.95,2,DMDCA,"0.5,0.5",0p5_0p5,D:\Study\Code_1\paper_data\workload_sharing_sensitivity\Arizona\R0p950\DMDCA_share0p5_0p5\seed2\placement_trace_Arizona_mdca_seed2.json
Arizona,0.95,3,DMDCA,"0.5,0.5",0p5_0p5,D:\Study\Code_1\paper_data\workload_sharing_sensitivity\Arizona\R0p950\DMDCA_share0p5_0p5\seed3\placement_trace_Arizona_mdca_seed3.json
Arizona,0.95,4,DMDCA,"0.5,0.5",0p5_0p5,D:\Study\Code_1\paper_data\workload_sharing_sensitivity\Arizona\R0p950\DMDCA_share0p5_0p5\seed4\placement_trace_Arizona_mdca_seed4.json
Arizona,0.95,5,DMDCA,"0.5,0.5",0p5_0p5,D:\Study\Code_1\paper_data\workload_sharing_sensitivity\Arizona\R0p950\DMDCA_share0p5_0p5\seed5\placement_trace_Arizona_mdca_seed5.json
Arizona,0.95,1,MDCA,,,D:\Study\Code_1\paper_data\workload_sharing_sensitivity\Arizona\R0p950\MDCA\seed1\placement_trace_Arizona_mdca_seed1.json
Arizona,0.95,2,MDCA,,,D:\Study\Code_1\paper_data\workload_sharing_sensitivity\Arizona\R0p950\MDCA\seed2\placement_trace_Arizona_mdca_seed2.json
Arizona,0.95,3,MDCA,,,D:\Study\Code_1\paper_data\workload_sharing_sensitivity\Arizona\R0p950\MDCA\seed3\placement_trace_Arizona_mdca_seed3.json
Arizona,0.95,4,MDCA,,,D:\Study\Code_1\paper_data\workload_sharing_sensitivity\Arizona\R0p950\MDCA\seed4\placement_trace_Arizona_mdca_seed4.json
Arizona,0.95,5,MDCA,,,D:\Study\Code_1\paper_data\workload_sharing_sensitivity\Arizona\R0p950\MDCA\seed5\placement_trace_Arizona_mdca_seed5.json
Arizona,0.99,1,DMDCA,"0.5,0.5",0p5_0p5,D:\Study\Code_1\paper_data\workload_sharing_sensitivity\Arizona\R0p990\DMDCA_share0p5_0p5\seed1\placement_trace_Arizona_mdca_seed1.json
Arizona,0.99,2,DMDCA,"0.5,0.5",0p5_0p5,D:\Study\Code_1\paper_data\workload_sharing_sensitivity\Arizona\R0p990\DMDCA_share0p5_0p5\seed2\placement_trace_Arizona_mdca_seed2.json
Arizona,0.99,3,DMDCA,"0.5,0.5",0p5_0p5,D:\Study\Code_1\paper_data\workload_sharing_sensitivity\Arizona\R0p990\DMDCA_share0p5_0p5\seed3\placement_trace_Arizona_mdca_seed3.json
Arizona,0.99,4,DMDCA,"0.5,0.5",0p5_0p5,D:\Study\Code_1\paper_data\workload_sharing_sensitivity\Arizona\R0p990\DMDCA_share0p5_0p5\seed4\placement_trace_Arizona_mdca_seed4.json
Arizona,0.99,5,DMDCA,"0.5,0.5",0p5_0p5,D:\Study\Code_1\paper_data\workload_sharing_sensitivity\Arizona\R0p990\DMDCA_share0p5_0p5\seed5\placement_trace_Arizona_mdca_seed5.json
Arizona,0.99,1,MDCA,,,D:\Study\Code_1\paper_data\workload_sharing_sensitivity\Arizona\R0p990\MDCA\seed1\placement_trace_Arizona_mdca_seed1.json
Arizona,0.99,2,MDCA,,,D:\Study\Code_1\paper_data\workload_sharing_sensitivity\Arizona\R0p990\MDCA\seed2\placement_trace_Arizona_mdca_seed2.json
Arizona,0.99,3,MDCA,,,D:\Study\Code_1\paper_data\workload_sharing_sensitivity\Arizona\R0p990\MDCA\seed3\placement_trace_Arizona_mdca_seed3.json
Arizona,0.99,4,MDCA,,,D:\Study\Code_1\paper_data\workload_sharing_sensitivity\Arizona\R0p990\MDCA\seed4\placement_trace_Arizona_mdca_seed4.json
Arizona,0.99,5,MDCA,,,D:\Study\Code_1\paper_data\workload_sharing_sensitivity\Arizona\R0p990\MDCA\seed5\placement_trace_Arizona_mdca_seed5.json
Arizona,0.996,1,DMDCA,"0.5,0.5",0p5_0p5,D:\Study\Code_1\paper_data\workload_sharing_sensitivity\Arizona\R0p996\DMDCA_share0p5_0p5\seed1\placement_trace_Arizona_mdca_seed1.json
Arizona,0.996,2,DMDCA,"0.5,0.5",0p5_0p5,D:\Study\Code_1\paper_data\workload_sharing_sensitivity\Arizona\R0p996\DMDCA_share0p5_0p5\seed2\placement_trace_Arizona_mdca_seed2.json
Arizona,0.996,3,DMDCA,"0.5,0.5",0p5_0p5,D:\Study\Code_1\paper_data\workload_sharing_sensitivity\Arizona\R0p996\DMDCA_share0p5_0p5\seed3\placement_trace_Arizona_mdca_seed3.json
Arizona,0.996,4,DMDCA,"0.5,0.5",0p5_0p5,D:\Study\Code_1\paper_data\workload_sharing_sensitivity\Arizona\R0p996\DMDCA_share0p5_0p5\seed4\placement_trace_Arizona_mdca_seed4.json
Arizona,0.996,5,DMDCA,"0.5,0.5",0p5_0p5,D:\Study\Code_1\paper_data\workload_sharing_sensitivity\Arizona\R0p996\DMDCA_share0p5_0p5\seed5\placement_trace_Arizona_mdca_seed5.json
Arizona,0.996,1,MDCA,,,D:\Study\Code_1\paper_data\workload_sharing_sensitivity\Arizona\R0p996\MDCA\seed1\placement_trace_Arizona_mdca_seed1.json
Arizona,0.996,2,MDCA,,,D:\Study\Code_1\paper_data\workload_sharing_sensitivity\Arizona\R0p996\MDCA\seed2\placement_trace_Arizona_mdca_seed2.json
Arizona,0.996,3,MDCA,,,D:\Study\Code_1\paper_data\workload_sharing_sensitivity\Arizona\R0p996\MDCA\seed3\placement_trace_Arizona_mdca_seed3.json
Arizona,0.996,4,MDCA,,,D:\Study\Code_1\paper_data\workload_sharing_sensitivity\Arizona\R0p996\MDCA\seed4\placement_trace_Arizona_mdca_seed4.json
Arizona,0.996,5,MDCA,,,D:\Study\Code_1\paper_data\workload_sharing_sensitivity\Arizona\R0p996\MDCA\seed5\placement_trace_Arizona_mdca_seed5.json
Arizona,0.998,1,DMDCA,"0.5,0.5",0p5_0p5,D:\Study\Code_1\paper_data\workload_sharing_sensitivity\Arizona\R0p998\DMDCA_share0p5_0p5\seed1\placement_trace_Arizona_mdca_seed1.json
Arizona,0.998,2,DMDCA,"0.5,0.5",0p5_0p5,D:\Study\Code_1\paper_data\workload_sharing_sensitivity\Arizona\R0p998\DMDCA_share0p5_0p5\seed2\placement_trace_Arizona_mdca_seed2.json
Arizona,0.998,3,DMDCA,"0.5,0.5",0p5_0p5,D:\Study\Code_1\paper_data\workload_sharing_sensitivity\Arizona\R0p998\DMDCA_share0p5_0p5\seed3\placement_trace_Arizona_mdca_seed3.json
Arizona,0.998,4,DMDCA,"0.5,0.5",0p5_0p5,D:\Study\Code_1\paper_data\workload_sharing_sensitivity\Arizona\R0p998\DMDCA_share0p5_0p5\seed4\placement_trace_Arizona_mdca_seed4.json
Arizona,0.998,5,DMDCA,"0.5,0.5",0p5_0p5,D:\Study\Code_1\paper_data\workload_sharing_sensitivity\Arizona\R0p998\DMDCA_share0p5_0p5\seed5\placement_trace_Arizona_mdca_seed5.json
Arizona,0.998,1,MDCA,,,D:\Study\Code_1\paper_data\workload_sharing_sensitivity\Arizona\R0p998\MDCA\seed1\placement_trace_Arizona_mdca_seed1.json
Arizona,0.998,2,MDCA,,,D:\Study\Code_1\paper_data\workload_sharing_sensitivity\Arizona\R0p998\MDCA\seed2\placement_trace_Arizona_mdca_seed2.json
Arizona,0.998,3,MDCA,,,D:\Study\Code_1\paper_data\workload_sharing_sensitivity\Arizona\R0p998\MDCA\seed3\placement_trace_Arizona_mdca_seed3.json
Arizona,0.998,4,MDCA,,,D:\Study\Code_1\paper_data\workload_sharing_sensitivity\Arizona\R0p998\MDCA\seed4\placement_trace_Arizona_mdca_seed4.json
Arizona,0.998,5,MDCA,,,D:\Study\Code_1\paper_data\workload_sharing_sensitivity\Arizona\R0p998\MDCA\seed5\placement_trace_Arizona_mdca_seed5.json
Arizona,0.999,1,DMDCA,"0.5,0.5",0p5_0p5,D:\Study\Code_1\paper_data\workload_sharing_sensitivity\Arizona\R0p999\DMDCA_share0p5_0p5\seed1\placement_trace_Arizona_mdca_seed1.json
Arizona,0.999,2,DMDCA,"0.5,0.5",0p5_0p5,D:\Study\Code_1\paper_data\workload_sharing_sensitivity\Arizona\R0p999\DMDCA_share0p5_0p5\seed2\placement_trace_Arizona_mdca_seed2.json
Arizona,0.999,3,DMDCA,"0.5,0.5",0p5_0p5,D:\Study\Code_1\paper_data\workload_sharing_sensitivity\Arizona\R0p999\DMDCA_share0p5_0p5\seed3\placement_trace_Arizona_mdca_seed3.json
Arizona,0.999,4,DMDCA,"0.5,0.5",0p5_0p5,D:\Study\Code_1\paper_data\workload_sharing_sensitivity\Arizona\R0p999\DMDCA_share0p5_0p5\seed4\placement_trace_Arizona_mdca_seed4.json
Arizona,0.999,5,DMDCA,"0.5,0.5",0p5_0p5,D:\Study\Code_1\paper_data\workload_sharing_sensitivity\Arizona\R0p999\DMDCA_share0p5_0p5\seed5\placement_trace_Arizona_mdca_seed5.json
Arizona,0.999,1,MDCA,,,D:\Study\Code_1\paper_data\workload_sharing_sensitivity\Arizona\R0p999\MDCA\seed1\placement_trace_Arizona_mdca_seed1.json
Arizona,0.999,2,MDCA,,,D:\Study\Code_1\paper_data\workload_sharing_sensitivity\Arizona\R0p999\MDCA\seed2\placement_trace_Arizona_mdca_seed2.json
Arizona,0.999,3,MDCA,,,D:\Study\Code_1\paper_data\workload_sharing_sensitivity\Arizona\R0p999\MDCA\seed3\placement_trace_Arizona_mdca_seed3.json
Arizona,0.999,4,MDCA,,,D:\Study\Code_1\paper_data\workload_sharing_sensitivity\Arizona\R0p999\MDCA\seed4\placement_trace_Arizona_mdca_seed4.json
Arizona,0.999,5,MDCA,,,D:\Study\Code_1\paper_data\workload_sharing_sensitivity\Arizona\R0p999\MDCA\seed5\placement_trace_Arizona_mdca_seed5.json
