section,experiment,scenario,region,x_name,x_value,method,algo,seed,trace_hash,total_arrivals,total_accepted,acceptance_ratio,total_cost,avg_cost_per_accepted,placement_trace_path,accepted_trace_count,instance_count,split_instance_count,resource_sum,lb_trace_total,lb_trace_per_accepted,observed_to_lb,lb_valid
split_enabled,load,Load $\lambda=20$,Alabama,arrival_rate,20.0,MDCA,mdca,1,c5365ded0157a77d0c00f5d6f336915090c900bdeb989a6484445dd7d09406a7,2394,2199,0.9185463659,93183.7727969337,42.3755219631,D:\Study\Code_1\paper_data\large_scale_lb_reference\split_enabled\load\Alabama\arrival_rate_20\MDCA\seed1\placement_trace_Alabama_mdca_seed1.json,2199,11342,0,2401741.0,35359.41,16.079768076398363,2.6353316641011175,True
split_enabled,load,Load $\lambda=20$,Alabama,arrival_rate,20.0,MDCA,mdca,2,a22dab7af6344929ea9b44792f0d9205eec53cf4e8c26b3f6a2c2fde6cab7fd0,2429,2163,0.8904899135,86404.9660684739,39.9468174149,D:\Study\Code_1\paper_data\large_scale_lb_reference\split_enabled\load\Alabama\arrival_rate_20\MDCA\seed2\placement_trace_Alabama_mdca_seed2.json,2163,10867,0,2287329.0,33740.29,15.598839574664817,2.5608839185577215,True
split_enabled,load,Load $\lambda=20$,Alabama,arrival_rate,20.0,MDCA,mdca,3,5718a60187073a74da4ea6acae0eede186171cc6fe231d77d4842df6f28b3207,2450,2253,0.9195918367,100933.8339645966,44.7997487637,D:\Study\Code_1\paper_data\large_scale_lb_reference\split_enabled\load\Alabama\arrival_rate_20\MDCA\seed3\placement_trace_Alabama_mdca_seed3.json,2253,11634,0,2456538.0,36199.380000000005,16.06719041278296,2.78827521257537,True
split_enabled,load,Load $\lambda=20$,Alabama,arrival_rate,20.0,MDCA,mdca,4,97529d7cf7332603ca049f418f4bf144137467a97187f886838a2832b23dcbfe,2328,2162,0.9286941581,91725.214914227,42.4260938549,D:\Study\Code_1\paper_data\large_scale_lb_reference\split_enabled\load\Alabama\arrival_rate_20\MDCA\seed4\placement_trace_Alabama_mdca_seed4.json,2162,11006,0,2318916.0,34195.16,15.81644773358002,2.682403442891538,True
split_enabled,load,Load $\lambda=20$,Alabama,arrival_rate,20.0,MDCA,mdca,5,c15f4465a5adb93ed8fd6dc6178f8d055d144f2bfd7515055f8ebba70e101364,2343,2161,0.9223218096,88808.7720941338,41.0961462722,D:\Study\Code_1\paper_data\large_scale_lb_reference\split_enabled\load\Alabama\arrival_rate_20\MDCA\seed5\placement_trace_Alabama_mdca_seed5.json,2161,11113,0,2344707.0,34560.07,15.992628412771865,2.569693061794545,True
split_enabled,load,Load $\lambda=20$,Alabama,arrival_rate,20.0,DMDCA,mdca,1,c5365ded0157a77d0c00f5d6f336915090c900bdeb989a6484445dd7d09406a7,2394,2279,0.9519632414,91977.0499313404,40.3585124754,D:\Study\Code_1\paper_data\large_scale_lb_reference\split_enabled\load\Alabama\arrival_rate_20\DMDCA\seed1\placement_trace_Alabama_mdca_seed1.json,2279,12153,3826,2346231.333333336,35615.31333333335,15.627605675003666,2.5825141301019117,True
split_enabled,load,Load $\lambda=20$,Alabama,arrival_rate,20.0,DMDCA,mdca,2,a22dab7af6344929ea9b44792f0d9205eec53cf4e8c26b3f6a2c2fde6cab7fd0,2429,2252,0.9271305064,86486.8720329165,38.4044724835,D:\Study\Code_1\paper_data\large_scale_lb_reference\split_enabled\load\Alabama\arrival_rate_20\DMDCA\seed2\placement_trace_Alabama_mdca_seed2.json,2252,11709,3714,2249012.999999999,34199.12999999999,15.186114564831257,2.528920239576753,True
split_enabled,load,Load $\lambda=20$,Alabama,arrival_rate,20.0,DMDCA,mdca,3,5718a60187073a74da4ea6acae0eede186171cc6fe231d77d4842df6f28b3207,2450,2322,0.947755102,98056.2444857559,42.2292181248,D:\Study\Code_1\paper_data\large_scale_lb_reference\split_enabled\load\Alabama\arrival_rate_20\DMDCA\seed3\placement_trace_Alabama_mdca_seed3.json,2322,12341,3954,2371904.666666666,36060.04666666666,15.529735859890897,2.7192489624922627,True
split_enabled,load,Load $\lambda=20$,Alabama,arrival_rate,20.0,DMDCA,mdca,4,97529d7cf7332603ca049f418f4bf144137467a97187f886838a2832b23dcbfe,2328,2226,0.956185567,90134.4645959374,40.4916732237,D:\Study\Code_1\paper_data\large_scale_lb_reference\split_enabled\load\Alabama\arrival_rate_20\DMDCA\seed4\placement_trace_Alabama_mdca_seed4.json,2226,11679,3526,2251559.333333337,34194.593333333374,15.361452530697832,2.6359273735849067,True
split_enabled,load,Load $\lambda=20$,Alabama,arrival_rate,20.0,DMDCA,mdca,5,c15f4465a5adb93ed8fd6dc6178f8d055d144f2bfd7515055f8ebba70e101364,2343,2224,0.949210414,88208.6791410469,39.6621758728,D:\Study\Code_1\paper_data\large_scale_lb_reference\split_enabled\load\Alabama\arrival_rate_20\DMDCA\seed5\placement_trace_Alabama_mdca_seed5.json,2224,11869,3718,2293401.000000002,34803.010000000024,15.648835431654687,2.5345129384224765,True
split_enabled,load,Load $\lambda=35$,Alabama,arrival_rate,35.0,MDCA,mdca,1,4c266341a7392a53e7e2ce067cbf931991432cf853d14abd6ef40e88d0b272be,4324,2925,0.6764569843,99033.6823818323,33.8576691904,D:\Study\Code_1\paper_data\large_scale_lb_reference\split_enabled\load\Alabama\arrival_rate_35\MDCA\seed1\placement_trace_Alabama_mdca_seed1.json,2925,12475,0,2427219.0,36747.19,12.563141880341881,2.6950001450949665,True
split_enabled,load,Load $\lambda=35$,Alabama,arrival_rate,35.0,MDCA,mdca,2,1c85c8322809384bd6d463246bf3a25e85a881675f959d39b3d05ee2c17397ba,4238,2944,0.6946672959,99467.9745778929,33.7866761474,D:\Study\Code_1\paper_data\large_scale_lb_reference\split_enabled\load\Alabama\arrival_rate_35\MDCA\seed2\placement_trace_Alabama_mdca_seed2.json,2944,12783,0,2480522.0,37588.22,12.767737771739132,2.646253921518308,True
split_enabled,load,Load $\lambda=35$,Alabama,arrival_rate,35.0,MDCA,mdca,3,eb4ae604ed34dfadd7beb611b82ef933ca578b26409de904a378fe0513aa8dca,4351,2947,0.6773155596,97591.7874261663,33.1156387602,D:\Study\Code_1\paper_data\large_scale_lb_reference\split_enabled\load\Alabama\arrival_rate_35\MDCA\seed3\placement_trace_Alabama_mdca_seed3.json,2947,12596,0,2452228.0,37118.28,12.595276552426196,2.6292109285819896,True
split_enabled,load,Load $\lambda=35$,Alabama,arrival_rate,35.0,MDCA,mdca,4,9e070b714526846e67e2f8bc4d73a1bca69c5c4daf57145f11be57d47af0367a,4069,2839,0.6977144261,94283.4112202129,33.2100779219,D:\Study\Code_1\paper_data\large_scale_lb_reference\split_enabled\load\Alabama\arrival_rate_35\MDCA\seed4\placement_trace_Alabama_mdca_seed4.json,2839,12263,0,2400137.0,36264.369999999995,12.773642127509685,2.5998910561582322,True
split_enabled,load,Load $\lambda=35$,Alabama,arrival_rate,35.0,MDCA,mdca,5,9c7e850ed9d209abcaf8eac401f61bd7e8a48931b42b5ea2c333009c9d4fcc6f,4113,2893,0.7033795283,100928.8358598761,34.8872574697,D:\Study\Code_1\paper_data\large_scale_lb_reference\split_enabled\load\Alabama\arrival_rate_35\MDCA\seed5\placement_trace_Alabama_mdca_seed5.json,2893,12645,0,2462748.0,37272.479999999996,12.883677843069476,2.7078647801239977,True
split_enabled,load,Load $\lambda=35$,Alabama,arrival_rate,35.0,DMDCA,mdca,1,4c266341a7392a53e7e2ce067cbf931991432cf853d14abd6ef40e88d0b272be,4324,3082,0.7127659574,103130.0412317369,33.4620510161,D:\Study\Code_1\paper_data\large_scale_lb_reference\split_enabled\load\Alabama\arrival_rate_35\DMDCA\seed1\placement_trace_Alabama_mdca_seed1.json,3082,13833,4426,2457211.000000008,38405.11000000008,12.4610999351071,2.6853208136036244,True
split_enabled,load,Load $\lambda=35$,Alabama,arrival_rate,35.0,DMDCA,mdca,2,1c85c8322809384bd6d463246bf3a25e85a881675f959d39b3d05ee2c17397ba,4238,3090,0.7291175083,101774.053539113,32.9365869059,D:\Study\Code_1\paper_data\large_scale_lb_reference\split_enabled\load\Alabama\arrival_rate_35\DMDCA\seed2\placement_trace_Alabama_mdca_seed2.json,3090,13968,4594,2480753.000000003,38775.53000000003,12.548715210355995,2.6246979355050186,True
split_enabled,load,Load $\lambda=35$,Alabama,arrival_rate,35.0,DMDCA,mdca,3,eb4ae604ed34dfadd7beb611b82ef933ca578b26409de904a378fe0513aa8dca,4351,3080,0.7078832452,98435.2012146117,31.9594809138,D:\Study\Code_1\paper_data\large_scale_lb_reference\split_enabled\load\Alabama\arrival_rate_35\DMDCA\seed3\placement_trace_Alabama_mdca_seed3.json,3080,13689,4452,2425559.6666666716,37944.596666666715,12.319674242424258,2.5941823042510905,True
split_enabled,load,Load $\lambda=35$,Alabama,arrival_rate,35.0,DMDCA,mdca,4,9e070b714526846e67e2f8bc4d73a1bca69c5c4daf57145f11be57d47af0367a,4069,2986,0.7338412386,96993.8596311334,32.4828732857,D:\Study\Code_1\paper_data\large_scale_lb_reference\split_enabled\load\Alabama\arrival_rate_35\DMDCA\seed4\placement_trace_Alabama_mdca_seed4.json,2986,13519,4420,2403118.999999999,37550.18999999999,12.575415271265904,2.583045775031589,True
split_enabled,load,Load $\lambda=35$,Alabama,arrival_rate,35.0,DMDCA,mdca,5,9c7e850ed9d209abcaf8eac401f61bd7e8a48931b42b5ea2c333009c9d4fcc6f,4113,3069,0.7461706783,105855.2716872055,34.4917796309,D:\Study\Code_1\paper_data\large_scale_lb_reference\split_enabled\load\Alabama\arrival_rate_35\DMDCA\seed5\placement_trace_Alabama_mdca_seed5.json,3069,14061,4508,2511187.6666666684,39172.876666666685,12.764052351471712,2.7022593359164957,True
split_enabled,load,Load $\lambda=50$,Alabama,arrival_rate,50.0,MDCA,mdca,1,7136f579b5f75b3b1852d4c0fe7b5bff77d55f2234991a46e8cd0c5554811abd,5927,3467,0.5849502278,99772.6290152657,28.777798966,D:\Study\Code_1\paper_data\large_scale_lb_reference\split_enabled\load\Alabama\arrival_rate_50\MDCA\seed1\placement_trace_Alabama_mdca_seed1.json,3467,13781,0,2570396.0,39484.96,11.388797231035477,2.5268514648429607,True
split_enabled,load,Load $\lambda=50$,Alabama,arrival_rate,50.0,MDCA,mdca,2,3e3a3d4a351f35e11fdff15b9aba9593f647895869e921e3fd142d1e4e34937a,6004,3430,0.5712858095,103436.8030463112,30.1565023459,D:\Study\Code_1\paper_data\large_scale_lb_reference\split_enabled\load\Alabama\arrival_rate_50\MDCA\seed2\placement_trace_Alabama_mdca_seed2.json,3430,13545,0,2494146.0,38486.46,11.220542274052479,2.687615411921782,True
split_enabled,load,Load $\lambda=50$,Alabama,arrival_rate,50.0,MDCA,mdca,3,2bc28ebe617b83f03f3bfb86259a81ccfa480ec957d2fc83bc48326ec1f90fda,6032,3379,0.5601790451,99275.4506394407,29.3801274458,D:\Study\Code_1\paper_data\large_scale_lb_reference\split_enabled\load\Alabama\arrival_rate_50\MDCA\seed3\placement_trace_Alabama_mdca_seed3.json,3379,13264,0,2461744.0,37881.44,11.210843444806157,2.620688406761747,True
split_enabled,load,Load $\lambda=50$,Alabama,arrival_rate,50.0,MDCA,mdca,4,aedc9f9a26f41bc97278243a4fdd9d8672a5546de1050c2b8cbdf65dfaa09ed4,6013,3418,0.5684350574,98310.3740299118,28.7625436015,D:\Study\Code_1\paper_data\large_scale_lb_reference\split_enabled\load\Alabama\arrival_rate_50\MDCA\seed4\placement_trace_Alabama_mdca_seed4.json,3418,13406,0,2481097.0,38216.97,11.181091281451142,2.572427223558325,True
split_enabled,load,Load $\lambda=50$,Alabama,arrival_rate,50.0,MDCA,mdca,5,679971228ea31aeec5d39e531b95f276ef69f43338ea4d177f58420708156392,5916,3434,0.5804597701,99251.622398823,28.902627373,D:\Study\Code_1\paper_data\large_scale_lb_reference\split_enabled\load\Alabama\arrival_rate_50\MDCA\seed5\placement_trace_Alabama_mdca_seed5.json,3434,13538,0,2527335.0,38811.350000000006,11.302082119976705,2.5572834338105475,True
split_enabled,load,Load $\lambda=50$,Alabama,arrival_rate,50.0,DMDCA,mdca,1,7136f579b5f75b3b1852d4c0fe7b5bff77d55f2234991a46e8cd0c5554811abd,5927,3648,0.6154884427,102787.0409662583,28.1762721947,D:\Study\Code_1\paper_data\large_scale_lb_reference\split_enabled\load\Alabama\arrival_rate_50\DMDCA\seed1\placement_trace_Alabama_mdca_seed1.json,3648,15166,5140,2562133.3333333293,40787.33333333329,11.180738304093556,2.52007259524015,True
split_enabled,load,Load $\lambda=50$,Alabama,arrival_rate,50.0,DMDCA,mdca,2,3e3a3d4a351f35e11fdff15b9aba9593f647895869e921e3fd142d1e4e34937a,6004,3621,0.6030979347,107029.7487020281,29.5580637122,D:\Study\Code_1\paper_data\large_scale_lb_reference\split_enabled\load\Alabama\arrival_rate_50\DMDCA\seed2\placement_trace_Alabama_mdca_seed2.json,3621,15001,4962,2513641.999999997,40137.41999999997,11.084623032311507,2.6665826727783744,True
split_enabled,load,Load $\lambda=50$,Alabama,arrival_rate,50.0,DMDCA,mdca,3,2bc28ebe617b83f03f3bfb86259a81ccfa480ec957d2fc83bc48326ec1f90fda,6032,3554,0.5891909814,102063.3086540871,28.7178696269,D:\Study\Code_1\paper_data\large_scale_lb_reference\split_enabled\load\Alabama\arrival_rate_50\DMDCA\seed3\placement_trace_Alabama_mdca_seed3.json,3554,14574,4910,2468717.3333333335,39261.17333333334,11.047038079159634,2.599599043756387,True
split_enabled,load,Load $\lambda=50$,Alabama,arrival_rate,50.0,DMDCA,mdca,4,aedc9f9a26f41bc97278243a4fdd9d8672a5546de1050c2b8cbdf65dfaa09ed4,6013,3619,0.601862631,102685.529587298,28.3740065176,D:\Study\Code_1\paper_data\large_scale_lb_reference\split_enabled\load\Alabama\arrival_rate_50\DMDCA\seed4\placement_trace_Alabama_mdca_seed4.json,3619,14825,4938,2513790.666666652,39962.90666666652,11.042527401676296,2.569521042195589,True
split_enabled,load,Load $\lambda=50$,Alabama,arrival_rate,50.0,DMDCA,mdca,5,679971228ea31aeec5d39e531b95f276ef69f43338ea4d177f58420708156392,5916,3597,0.6080121704,100990.7446271025,28.0763816033,D:\Study\Code_1\paper_data\large_scale_lb_reference\split_enabled\load\Alabama\arrival_rate_50\DMDCA\seed5\placement_trace_Alabama_mdca_seed5.json,3597,14808,5024,2510796.333333344,39915.96333333344,11.097015105180272,2.530084111555591,True
split_enabled,load,Load $\lambda=20$,Arizona,arrival_rate,20.0,MDCA,mdca,1,0dfd6c8317ade8f9896a1bba9e4c51408e9fd90efbd4fa78bf98a92ac261bbd2,2401,2372,0.9879216993,81970.6577490291,34.557612879,D:\Study\Code_1\paper_data\large_scale_lb_reference\split_enabled\load\Arizona\arrival_rate_20\MDCA\seed1\placement_trace_Arizona_mdca_seed1.json,2372,12599,0,2698560.0,39584.600000000006,16.688279932546376,2.070771404764203,True
split_enabled,load,Load $\lambda=20$,Arizona,arrival_rate,20.0,MDCA,mdca,2,136dcc9e5c48a7638912980f3d3dc2c5b00c8c5d1772aa3992eae889442a752c,2508,2482,0.9896331738,85914.1508293331,34.6148875219,D:\Study\Code_1\paper_data\large_scale_lb_reference\split_enabled\load\Arizona\arrival_rate_20\MDCA\seed2\placement_trace_Arizona_mdca_seed2.json,2482,13116,0,2834261.0,41458.61,16.703710717163577,2.072287296398338,True
split_enabled,load,Load $\lambda=20$,Arizona,arrival_rate,20.0,MDCA,mdca,3,26f6cb323ca281959e40a17df1010b22cb622cf54b44411a65d052038fd5ed9f,2413,2388,0.989639453,80963.5128378836,33.9043186088,D:\Study\Code_1\paper_data\large_scale_lb_reference\split_enabled\load\Arizona\arrival_rate_20\MDCA\seed3\placement_trace_Arizona_mdca_seed3.json,2388,12471,0,2700577.0,39476.770000000004,16.53131072026801,2.0509153316718565,True
split_enabled,load,Load $\lambda=20$,Arizona,arrival_rate,20.0,MDCA,mdca,4,fb80e9776ec9809ea30b068136cf7c5c2a4fed8a3efa5c002ec3df106b4528c4,2593,2569,0.9907443116,86807.7106313618,33.7904673536,D:\Study\Code_1\paper_data\large_scale_lb_reference\split_enabled\load\Arizona\arrival_rate_20\MDCA\seed4\placement_trace_Arizona_mdca_seed4.json,2569,13750,0,2986000.0,43610.0,16.975476839237057,1.990545990171103,True
split_enabled,load,Load $\lambda=20$,Arizona,arrival_rate,20.0,MDCA,mdca,5,60898724700f3b0a6c19ce82396818d52af953c0f78dbcfcb4ce22474f3d9ed6,2388,2374,0.9941373534,84531.1649695241,35.607061908,D:\Study\Code_1\paper_data\large_scale_lb_reference\split_enabled\load\Arizona\arrival_rate_20\MDCA\seed5\placement_trace_Arizona_mdca_seed5.json,2374,12756,0,2742596.0,40181.96,16.925846672283065,2.103709350403119,True
split_enabled,load,Load $\lambda=20$,Arizona,arrival_rate,20.0,DMDCA,mdca,1,0dfd6c8317ade8f9896a1bba9e4c51408e9fd90efbd4fa78bf98a92ac261bbd2,2401,2370,0.987088713,75018.6704930129,31.6534474654,D:\Study\Code_1\paper_data\large_scale_lb_reference\split_enabled\load\Arizona\arrival_rate_20\DMDCA\seed1\placement_trace_Arizona_mdca_seed1.json,2370,12783,4058,2462433.0000000084,37407.33000000009,15.783683544303836,2.005453757138313,True
split_enabled,load,Load $\lambda=20$,Arizona,arrival_rate,20.0,DMDCA,mdca,2,136dcc9e5c48a7638912980f3d3dc2c5b00c8c5d1772aa3992eae889442a752c,2508,2474,0.9864433812,78867.1782192168,31.8784067175,D:\Study\Code_1\paper_data\large_scale_lb_reference\split_enabled\load\Arizona\arrival_rate_20\DMDCA\seed2\placement_trace_Arizona_mdca_seed2.json,2474,13249,4030,2589110.666666667,39140.106666666674,15.820576663971979,2.014996507058151,True
split_enabled,load,Load $\lambda=20$,Arizona,arrival_rate,20.0,DMDCA,mdca,3,26f6cb323ca281959e40a17df1010b22cb622cf54b44411a65d052038fd5ed9f,2413,2381,0.9867384998,74473.605007268,31.2782885373,D:\Study\Code_1\paper_data\large_scale_lb_reference\split_enabled\load\Arizona\arrival_rate_20\DMDCA\seed3\placement_trace_Arizona_mdca_seed3.json,2381,12612,3780,2481487.6666666623,37426.87666666662,15.71897382052357,1.989842905421926,True
split_enabled,load,Load $\lambda=20$,Arizona,arrival_rate,20.0,DMDCA,mdca,4,fb80e9776ec9809ea30b068136cf7c5c2a4fed8a3efa5c002ec3df106b4528c4,2593,2556,0.9857308137,79621.5060089777,31.1508239472,D:\Study\Code_1\paper_data\large_scale_lb_reference\split_enabled\load\Arizona\arrival_rate_20\DMDCA\seed4\placement_trace_Arizona_mdca_seed4.json,2556,13863,4084,2740599.000000004,41268.99000000004,16.145927230046965,1.9293301340541074,True
split_enabled,load,Load $\lambda=20$,Arizona,arrival_rate,20.0,DMDCA,mdca,5,60898724700f3b0a6c19ce82396818d52af953c0f78dbcfcb4ce22474f3d9ed6,2388,2368,0.9916247906,77069.7406007881,32.5463431591,D:\Study\Code_1\paper_data\large_scale_lb_reference\split_enabled\load\Arizona\arrival_rate_20\DMDCA\seed5\placement_trace_Arizona_mdca_seed5.json,2368,12902,4078,2503914.6666666684,37941.14666666668,16.0224436936937,2.031297084347163,True
split_enabled,load,Load $\lambda=35$,Arizona,arrival_rate,35.0,MDCA,mdca,1,f65282c5b610d63585517d2b9052ddb9d482b03d4d847ea8ee0c7fac884471bc,4140,4100,0.9903381643,170212.0160596807,41.5151258682,D:\Study\Code_1\paper_data\large_scale_lb_reference\split_enabled\load\Arizona\arrival_rate_35\MDCA\seed1\placement_trace_Arizona_mdca_seed1.json,4100,21705,0,4643360.0,68138.6,16.619170731707317,2.4980263178239746,True
split_enabled,load,Load $\lambda=35$,Arizona,arrival_rate,35.0,MDCA,mdca,2,2c4b4f22d1767ee7b90f9cfd55ea3ed66642fabe45c7499b776c2d095049ee62,4111,4061,0.9878375091,169745.1559259308,41.7988564211,D:\Study\Code_1\paper_data\large_scale_lb_reference\split_enabled\load\Arizona\arrival_rate_35\MDCA\seed2\placement_trace_Arizona_mdca_seed2.json,4061,21574,0,4631215.0,67886.15,16.716609209554296,2.5004386892750703,True
split_enabled,load,Load $\lambda=35$,Arizona,arrival_rate,35.0,MDCA,mdca,3,2102c6548a3962a39d3e3614c56ff9c1bd20efc5ac3f399fd0d3138e2ff34bda,4128,4058,0.9830426357,177136.6654175262,43.651223612,D:\Study\Code_1\paper_data\large_scale_lb_reference\split_enabled\load\Arizona\arrival_rate_35\MDCA\seed3\placement_trace_Arizona_mdca_seed3.json,4058,21463,0,4608654.0,67549.54000000001,16.64601774273041,2.622322304748873,True
split_enabled,load,Load $\lambda=35$,Arizona,arrival_rate,35.0,MDCA,mdca,4,00c1f8d7938d0f8b93a5ba4628e1642b1618a026e27b38103a92c669a7e6e0a2,4248,4182,0.9844632768,178163.9286435892,42.6025654337,D:\Study\Code_1\paper_data\large_scale_lb_reference\split_enabled\load\Arizona\arrival_rate_35\MDCA\seed4\placement_trace_Arizona_mdca_seed4.json,4182,22184,0,4746478.0,69648.78,16.65441893830703,2.558033732157106,True
split_enabled,load,Load $\lambda=35$,Arizona,arrival_rate,35.0,MDCA,mdca,5,a863791fea9285309063c0d3c4f7604d2bd4133febf35c706478346b53b82c10,4141,4058,0.9799565322,170107.5046370132,41.9190499352,D:\Study\Code_1\paper_data\large_scale_lb_reference\split_enabled\load\Arizona\arrival_rate_35\MDCA\seed5\placement_trace_Arizona_mdca_seed5.json,4058,21641,0,4644198.0,68082.98000000001,16.77747166091671,2.498532006633863,True
split_enabled,load,Load $\lambda=35$,Arizona,arrival_rate,35.0,DMDCA,mdca,1,f65282c5b610d63585517d2b9052ddb9d482b03d4d847ea8ee0c7fac884471bc,4140,4091,0.9881642512,152728.4620198139,37.3327944316,D:\Study\Code_1\paper_data\large_scale_lb_reference\split_enabled\load\Arizona\arrival_rate_35\DMDCA\seed1\placement_trace_Arizona_mdca_seed1.json,4091,21941,6968,4234960.66666665,64290.60666666651,15.715132404465047,2.375595284264144,True
split_enabled,load,Load $\lambda=35$,Arizona,arrival_rate,35.0,DMDCA,mdca,2,2c4b4f22d1767ee7b90f9cfd55ea3ed66642fabe45c7499b776c2d095049ee62,4111,4061,0.9878375091,153550.4634675737,37.8109981452,D:\Study\Code_1\paper_data\large_scale_lb_reference\split_enabled\load\Arizona\arrival_rate_35\DMDCA\seed2\placement_trace_Arizona_mdca_seed2.json,4061,21881,6782,4252040.000000001,64401.40000000001,15.858507756710171,2.3842721348848577,True
split_enabled,load,Load $\lambda=35$,Arizona,arrival_rate,35.0,DMDCA,mdca,3,2102c6548a3962a39d3e3614c56ff9c1bd20efc5ac3f399fd0d3138e2ff34bda,4128,4071,0.9861918605,161671.1877826265,39.7128930933,D:\Study\Code_1\paper_data\large_scale_lb_reference\split_enabled\load\Arizona\arrival_rate_35\DMDCA\seed3\placement_trace_Arizona_mdca_seed3.json,4071,21876,6624,4266871.333333329,64544.7133333333,15.854756407107171,2.504793645107623,True
split_enabled,load,Load $\lambda=35$,Arizona,arrival_rate,35.0,DMDCA,mdca,4,00c1f8d7938d0f8b93a5ba4628e1642b1618a026e27b38103a92c669a7e6e0a2,4248,4190,0.986346516,162259.4198525136,38.7253985328,D:\Study\Code_1\paper_data\large_scale_lb_reference\split_enabled\load\Arizona\arrival_rate_35\DMDCA\seed4\placement_trace_Arizona_mdca_seed4.json,4190,22567,6908,4377495.333333332,66341.95333333332,15.833401750198885,2.445804075699212,True
split_enabled,load,Load $\lambda=35$,Arizona,arrival_rate,35.0,DMDCA,mdca,5,a863791fea9285309063c0d3c4f7604d2bd4133febf35c706478346b53b82c10,4141,4081,0.9855107462,157314.5973616054,38.5480513015,D:\Study\Code_1\paper_data\large_scale_lb_reference\split_enabled\load\Arizona\arrival_rate_35\DMDCA\seed5\placement_trace_Arizona_mdca_seed5.json,4081,22163,6740,4319950.666666677,65362.50666666677,16.016296659315554,2.406801779556473,True
split_enabled,load,Load $\lambda=50$,Arizona,arrival_rate,50.0,MDCA,mdca,1,9433895b674bc3612db6a204e38b14a95faf02bdf2d7ad7c1f0ca997084626a8,6049,5256,0.8689039511,208910.3731271587,39.7470268507,D:\Study\Code_1\paper_data\large_scale_lb_reference\split_enabled\load\Arizona\arrival_rate_50\MDCA\seed1\placement_trace_Arizona_mdca_seed1.json,5256,25662,0,5346423.0,79126.23000000001,15.05445776255708,2.6402164380529527,True
split_enabled,load,Load $\lambda=50$,Arizona,arrival_rate,50.0,MDCA,mdca,2,c6be09a5a6de52adb8723d8e4d24a1af2727a364e6c780e1a8b7a481c128d1af,5972,5097,0.8534829203,194792.8600501832,38.217159123,D:\Study\Code_1\paper_data\large_scale_lb_reference\split_enabled\load\Arizona\arrival_rate_50\MDCA\seed2\placement_trace_Arizona_mdca_seed2.json,5097,24621,0,5047465.0,75095.65,14.733303904257404,2.593930008598144,True
split_enabled,load,Load $\lambda=50$,Arizona,arrival_rate,50.0,MDCA,mdca,3,e8edfa810ac625a78b876b1b20e088222ade7bf16110210a4f0051fb734130ff,5874,5193,0.8840653728,201282.9050886673,38.7604284785,D:\Study\Code_1\paper_data\large_scale_lb_reference\split_enabled\load\Arizona\arrival_rate_50\MDCA\seed3\placement_trace_Arizona_mdca_seed3.json,5193,25460,0,5277968.0,78239.68,15.06637396495282,2.5726447895577707,True
split_enabled,load,Load $\lambda=50$,Arizona,arrival_rate,50.0,MDCA,mdca,4,fc702f1f73d0eb24ca066a0895f3f856666ba104ee019fa2d700952be33e711a,6086,5248,0.8623069339,210775.5347813619,40.1630211093,D:\Study\Code_1\paper_data\large_scale_lb_reference\split_enabled\load\Arizona\arrival_rate_50\MDCA\seed4\placement_trace_Arizona_mdca_seed4.json,5248,25470,0,5230520.0,77775.20000000001,14.819969512195124,2.7100609806385823,True
split_enabled,load,Load $\lambda=50$,Arizona,arrival_rate,50.0,MDCA,mdca,5,1f90940dbe8a29b3dfea5957db5470812fc1ed23cc16b748acc0ef2bbcc93527,5999,5202,0.8671445241,202069.0197079678,38.8444866797,D:\Study\Code_1\paper_data\large_scale_lb_reference\split_enabled\load\Arizona\arrival_rate_50\MDCA\seed5\placement_trace_Arizona_mdca_seed5.json,5202,25448,0,5167823.0,77126.23000000001,14.826264898116111,2.6199779207147524,True
split_enabled,load,Load $\lambda=50$,Arizona,arrival_rate,50.0,DMDCA,mdca,1,9433895b674bc3612db6a204e38b14a95faf02bdf2d7ad7c1f0ca997084626a8,6049,5471,0.904447016,210599.7786891956,38.4938363534,D:\Study\Code_1\paper_data\large_scale_lb_reference\split_enabled\load\Arizona\arrival_rate_50\DMDCA\seed1\placement_trace_Arizona_mdca_seed1.json,5471,27890,9044,5285093.999999983,80740.93999999983,14.75798574300856,2.6083394457532454,True
split_enabled,load,Load $\lambda=50$,Arizona,arrival_rate,50.0,DMDCA,mdca,2,c6be09a5a6de52adb8723d8e4d24a1af2727a364e6c780e1a8b7a481c128d1af,5972,5320,0.8908238446,198581.4592908238,37.327341972,D:\Study\Code_1\paper_data\large_scale_lb_reference\split_enabled\load\Arizona\arrival_rate_50\DMDCA\seed2\placement_trace_Arizona_mdca_seed2.json,5320,26768,8546,5029345.666666692,77061.45666666693,14.485236215538896,2.5769232490607794,True
split_enabled,load,Load $\lambda=50$,Arizona,arrival_rate,50.0,DMDCA,mdca,3,e8edfa810ac625a78b876b1b20e088222ade7bf16110210a4f0051fb734130ff,5874,5401,0.9194756554,203611.3932209419,37.6988322942,D:\Study\Code_1\paper_data\large_scale_lb_reference\split_enabled\load\Arizona\arrival_rate_50\DMDCA\seed3\placement_trace_Arizona_mdca_seed3.json,5401,27607,8822,5226833.000000015,79875.33000000015,14.788989076097046,2.549114892181873,True
split_enabled,load,Load $\lambda=50$,Arizona,arrival_rate,50.0,DMDCA,mdca,4,fc702f1f73d0eb24ca066a0895f3f856666ba104ee019fa2d700952be33e711a,6086,5462,0.8974696024,213480.6097069476,39.0846960284,D:\Study\Code_1\paper_data\large_scale_lb_reference\split_enabled\load\Arizona\arrival_rate_50\DMDCA\seed4\placement_trace_Arizona_mdca_seed4.json,5462,27612,8726,5196691.666666667,79578.91666666667,14.569556328573173,2.682627744244834,True
split_enabled,load,Load $\lambda=50$,Arizona,arrival_rate,50.0,DMDCA,mdca,5,1f90940dbe8a29b3dfea5957db5470812fc1ed23cc16b748acc0ef2bbcc93527,5999,5422,0.9038173029,205559.5713616524,37.9121304614,D:\Study\Code_1\paper_data\large_scale_lb_reference\split_enabled\load\Arizona\arrival_rate_50\DMDCA\seed5\placement_trace_Arizona_mdca_seed5.json,5422,27667,8732,5150018.666666694,79167.18666666694,14.601104143612494,2.5965248989731062,True
split_enabled,length,SFC length $1$,Alabama,fixed_sfc_len,1.0,MDCA,mdca,1,bfad5e7246ee951d74c96362b597e1cd0e9b31a7a2ef18bfb29e09bf8d9c373f,2393,2393,1.0,22072.8002666181,9.223903162,D:\Study\Code_1\paper_data\large_scale_lb_reference\split_enabled\length\Alabama\fixed_sfc_len_1\MDCA\seed1\placement_trace_Alabama_mdca_seed1.json,2393,3606,0,799936.0,11605.36,4.8497116590054326,1.9019487776870427,True
split_enabled,length,SFC length $1$,Alabama,fixed_sfc_len,1.0,MDCA,mdca,2,e1282a85fd6fefcae0a465b91098a42a16c5cfe7637ab791507e2b6a973ed66d,2421,2421,1.0,21756.6654626934,8.9866441399,D:\Study\Code_1\paper_data\large_scale_lb_reference\split_enabled\length\Alabama\fixed_sfc_len_1\MDCA\seed2\placement_trace_Alabama_mdca_seed2.json,2421,3648,0,810187.0,11749.869999999999,4.85331268071045,1.8516515895659613,True
split_enabled,length,SFC length $1$,Alabama,fixed_sfc_len,1.0,MDCA,mdca,3,fd9c3b0897fea466f7ce23e10fa74dc2d1051d9038d40bd7dcbee0e9f7968c4a,2436,2436,1.0,21385.4012017664,8.7789003291,D:\Study\Code_1\paper_data\large_scale_lb_reference\split_enabled\length\Alabama\fixed_sfc_len_1\MDCA\seed3\placement_trace_Alabama_mdca_seed3.json,2436,3669,0,811627.0,11785.27,4.837959770114943,1.8145872942890913,True
split_enabled,length,SFC length $1$,Alabama,fixed_sfc_len,1.0,MDCA,mdca,4,293d1cdd505ccd03085ebf5fb22191afd59f9996e83ae5e3855f627fd2574007,2358,2358,1.0,19489.6901579178,8.2653478193,D:\Study\Code_1\paper_data\large_scale_lb_reference\split_enabled\length\Alabama\fixed_sfc_len_1\MDCA\seed4\placement_trace_Alabama_mdca_seed4.json,2358,3535,0,779289.0,11327.89,4.8040245971162,1.7205048917245667,True
split_enabled,length,SFC length $1$,Alabama,fixed_sfc_len,1.0,MDCA,mdca,5,edfe4dfba2a6521deb86eb9d02d31ab2a3198b7c7efa0b8243dec23ec6c9772c,2349,2349,1.0,20157.1789321306,8.5811745135,D:\Study\Code_1\paper_data\large_scale_lb_reference\split_enabled\length\Alabama\fixed_sfc_len_1\MDCA\seed5\placement_trace_Alabama_mdca_seed5.json,2349,3523,0,757545.0,11098.45,4.7247552149851,1.8162156816610064,True
split_enabled,length,SFC length $1$,Alabama,fixed_sfc_len,1.0,DMDCA,mdca,1,bfad5e7246ee951d74c96362b597e1cd0e9b31a7a2ef18bfb29e09bf8d9c373f,2393,2393,1.0,20689.6229858651,8.6458934333,D:\Study\Code_1\paper_data\large_scale_lb_reference\split_enabled\length\Alabama\fixed_sfc_len_1\DMDCA\seed1\placement_trace_Alabama_mdca_seed1.json,2393,3606,734,746711.3333333343,11073.113333333342,4.62729349491573,1.868455813920302,True
split_enabled,length,SFC length $1$,Alabama,fixed_sfc_len,1.0,DMDCA,mdca,2,e1282a85fd6fefcae0a465b91098a42a16c5cfe7637ab791507e2b6a973ed66d,2421,2421,1.0,20357.3937832638,8.4086715338,D:\Study\Code_1\paper_data\large_scale_lb_reference\split_enabled\length\Alabama\fixed_sfc_len_1\DMDCA\seed2\placement_trace_Alabama_mdca_seed2.json,2421,3648,798,749935.6666666666,11147.356666666667,4.604443067602919,1.826208166832717,True
split_enabled,length,SFC length $1$,Alabama,fixed_sfc_len,1.0,DMDCA,mdca,3,fd9c3b0897fea466f7ce23e10fa74dc2d1051d9038d40bd7dcbee0e9f7968c4a,2436,2436,1.0,20044.4607411054,8.2284321597,D:\Study\Code_1\paper_data\large_scale_lb_reference\split_enabled\length\Alabama\fixed_sfc_len_1\DMDCA\seed3\placement_trace_Alabama_mdca_seed3.json,2436,3669,712,759165.6666666656,11260.656666666655,4.622601258894358,1.7800436807952957,True
split_enabled,length,SFC length $1$,Alabama,fixed_sfc_len,1.0,DMDCA,mdca,4,293d1cdd505ccd03085ebf5fb22191afd59f9996e83ae5e3855f627fd2574007,2358,2358,1.0,18373.2829104422,7.7918926677,D:\Study\Code_1\paper_data\large_scale_lb_reference\split_enabled\length\Alabama\fixed_sfc_len_1\DMDCA\seed4\placement_trace_Alabama_mdca_seed4.json,2358,3535,720,725164.9999999986,10786.649999999987,4.574491094147577,1.7033354109424357,True
split_enabled,length,SFC length $1$,Alabama,fixed_sfc_len,1.0,DMDCA,mdca,5,edfe4dfba2a6521deb86eb9d02d31ab2a3198b7c7efa0b8243dec23ec6c9772c,2349,2349,1.0,18909.4444566381,8.0499976401,D:\Study\Code_1\paper_data\large_scale_lb_reference\split_enabled\length\Alabama\fixed_sfc_len_1\DMDCA\seed5\placement_trace_Alabama_mdca_seed5.json,2349,3523,724,706632.9999999999,10589.329999999998,4.5080161770966365,1.7857073541610378,True
split_enabled,length,SFC length $3$,Alabama,fixed_sfc_len,3.0,MDCA,mdca,1,b64a2adbf58fae57dce63a28e7339411eb4807ff13a66531ae9ae53616c42822,2380,2139,0.8987394958,89381.2402427969,41.7864610766,D:\Study\Code_1\paper_data\large_scale_lb_reference\split_enabled\length\Alabama\fixed_sfc_len_3\MDCA\seed1\placement_trace_Alabama_mdca_seed1.json,2139,11202,0,2313026.0,34332.26,16.050612435717625,2.6034184828728693,True
split_enabled,length,SFC length $3$,Alabama,fixed_sfc_len,3.0,MDCA,mdca,2,732b97d9cce1ddb295e24a5b99acbd73163dc2751f9318d34d315fbc54242976,2517,2234,0.887564561,88087.8772603486,39.4305627844,D:\Study\Code_1\paper_data\large_scale_lb_reference\split_enabled\length\Alabama\fixed_sfc_len_3\MDCA\seed2\placement_trace_Alabama_mdca_seed2.json,2234,11636,0,2378215.0,35418.15,15.854140555058192,2.487082957758906,True
split_enabled,length,SFC length $3$,Alabama,fixed_sfc_len,3.0,MDCA,mdca,3,309bf0bcf74a919cdf657952b1645bbc698eb41c843089c13433c08d434580b7,2423,2170,0.8955839868,87853.5683703674,40.485515378,D:\Study\Code_1\paper_data\large_scale_lb_reference\split_enabled\length\Alabama\fixed_sfc_len_3\MDCA\seed3\placement_trace_Alabama_mdca_seed3.json,2170,11305,0,2346017.0,34765.17,16.020815668202765,2.5270570622944577,True
split_enabled,length,SFC length $3$,Alabama,fixed_sfc_len,3.0,MDCA,mdca,4,d6991956cbe115f7af3f870dd3e7d8e09ceb078e27b9c92c77b2fde17155f0c1,2335,2118,0.9070663812,89908.7631682053,42.449840967,D:\Study\Code_1\paper_data\large_scale_lb_reference\split_enabled\length\Alabama\fixed_sfc_len_3\MDCA\seed4\placement_trace_Alabama_mdca_seed4.json,2118,11012,0,2257630.0,33588.3,15.858498583569407,2.676788142543841,True
split_enabled,length,SFC length $3$,Alabama,fixed_sfc_len,3.0,MDCA,mdca,5,42fdda37b2ebbe1e2230d3b0825b2180a84a7e984e87d24921fcb191cb607683,2393,2136,0.8926034267,88079.1861655288,41.2355740475,D:\Study\Code_1\paper_data\large_scale_lb_reference\split_enabled\length\Alabama\fixed_sfc_len_3\MDCA\seed5\placement_trace_Alabama_mdca_seed5.json,2136,11107,0,2291353.0,34020.53,15.927214419475655,2.589000999265114,True
split_enabled,length,SFC length $3$,Alabama,fixed_sfc_len,3.0,DMDCA,mdca,1,b64a2adbf58fae57dce63a28e7339411eb4807ff13a66531ae9ae53616c42822,2380,2237,0.9399159664,88996.6310044691,39.7839208782,D:\Study\Code_1\paper_data\large_scale_lb_reference\split_enabled\length\Alabama\fixed_sfc_len_3\DMDCA\seed1\placement_trace_Alabama_mdca_seed1.json,2237,11971,3832,2266286.666666666,34633.86666666666,15.482282819251973,2.5696417862035554,True
split_enabled,length,SFC length $3$,Alabama,fixed_sfc_len,3.0,DMDCA,mdca,2,732b97d9cce1ddb295e24a5b99acbd73163dc2751f9318d34d315fbc54242976,2517,2369,0.9411998411,89190.1840084058,37.6488746342,D:\Study\Code_1\paper_data\large_scale_lb_reference\split_enabled\length\Alabama\fixed_sfc_len_3\DMDCA\seed2\placement_trace_Alabama_mdca_seed2.json,2369,12630,4186,2359544.3333333386,36225.44333333339,15.291449275362341,2.4620867490208496,True
split_enabled,length,SFC length $3$,Alabama,fixed_sfc_len,3.0,DMDCA,mdca,3,309bf0bcf74a919cdf657952b1645bbc698eb41c843089c13433c08d434580b7,2423,2278,0.9401568304,88523.7315662131,38.8602860256,D:\Study\Code_1\paper_data\large_scale_lb_reference\split_enabled\length\Alabama\fixed_sfc_len_3\DMDCA\seed3\placement_trace_Alabama_mdca_seed3.json,2278,12108,3866,2314837.666666656,35256.37666666656,15.476899326894891,2.510857323858484,True
split_enabled,length,SFC length $3$,Alabama,fixed_sfc_len,3.0,DMDCA,mdca,4,d6991956cbe115f7af3f870dd3e7d8e09ceb078e27b9c92c77b2fde17155f0c1,2335,2205,0.9443254818,88402.398184515,40.0917905599,D:\Study\Code_1\paper_data\large_scale_lb_reference\split_enabled\length\Alabama\fixed_sfc_len_3\DMDCA\seed4\placement_trace_Alabama_mdca_seed4.json,2205,11692,3748,2198574.666666665,33677.74666666665,15.273354497354491,2.624949913053814,True
split_enabled,length,SFC length $3$,Alabama,fixed_sfc_len,3.0,DMDCA,mdca,5,42fdda37b2ebbe1e2230d3b0825b2180a84a7e984e87d24921fcb191cb607683,2393,2228,0.9310488926,87162.5313110803,39.1214233892,D:\Study\Code_1\paper_data\large_scale_lb_reference\split_enabled\length\Alabama\fixed_sfc_len_3\DMDCA\seed5\placement_trace_Alabama_mdca_seed5.json,2228,11834,3832,2233200.6666666633,34166.00666666663,15.334832435667249,2.551147758105387,True
split_enabled,length,SFC length $6$,Alabama,fixed_sfc_len,6.0,MDCA,mdca,1,de0e4170b4681392c706e0a637de7ac59ca242bb95f8b7891be3435acc6a560f,2405,1175,0.4885654886,93457.7521892665,79.5385125015,D:\Study\Code_1\paper_data\large_scale_lb_reference\split_enabled\length\Alabama\fixed_sfc_len_6\MDCA\seed1\placement_trace_Alabama_mdca_seed1.json,1175,12944,0,2451207.0,37456.07,31.877506382978723,2.495129686303622,True
split_enabled,length,SFC length $6$,Alabama,fixed_sfc_len,6.0,MDCA,mdca,2,a3934cc5f24c37c1a1bda5a8636d40d8eea6036d2104d1c78cd89305926f3631,2372,1181,0.4978920742,103183.8193131624,87.3698724074,D:\Study\Code_1\paper_data\large_scale_lb_reference\split_enabled\length\Alabama\fixed_sfc_len_6\MDCA\seed2\placement_trace_Alabama_mdca_seed2.json,1181,13104,0,2513764.0,38241.64,32.38072819644369,2.6982059167222534,True
split_enabled,length,SFC length $6$,Alabama,fixed_sfc_len,6.0,MDCA,mdca,3,595da92a490cc92afc8261eb4b68cc90371236488184d43708b2d96dd32414b5,2352,1174,0.4991496599,96385.2660219336,82.099885879,D:\Study\Code_1\paper_data\large_scale_lb_reference\split_enabled\length\Alabama\fixed_sfc_len_6\MDCA\seed3\placement_trace_Alabama_mdca_seed3.json,1174,12887,0,2478224.0,37669.240000000005,32.086235093696764,2.5587260592975483,True
split_enabled,length,SFC length $6$,Alabama,fixed_sfc_len,6.0,MDCA,mdca,4,653dc481affa3dd5aa9f0293164048feea31623ae5b2f8354f0438306d1822c4,2511,1202,0.4786937475,104036.6497936234,86.5529532393,D:\Study\Code_1\paper_data\large_scale_lb_reference\split_enabled\length\Alabama\fixed_sfc_len_6\MDCA\seed4\placement_trace_Alabama_mdca_seed4.json,1202,13297,0,2501574.0,38312.740000000005,31.87415973377704,2.7154583512853265,True
split_enabled,length,SFC length $6$,Alabama,fixed_sfc_len,6.0,MDCA,mdca,5,f88569b141a2cfd5fd98d94c78545be6d35b3cdcfd6e0228f78ef387f3d99ed6,2377,1153,0.4850652082,98664.8016707098,85.572247763,D:\Study\Code_1\paper_data\large_scale_lb_reference\split_enabled\length\Alabama\fixed_sfc_len_6\MDCA\seed5\placement_trace_Alabama_mdca_seed5.json,1153,12782,0,2440568.0,37187.68,32.25297484822203,2.653158295185658,True
split_enabled,length,SFC length $6$,Alabama,fixed_sfc_len,6.0,DMDCA,mdca,1,de0e4170b4681392c706e0a637de7ac59ca242bb95f8b7891be3435acc6a560f,2405,1303,0.5417879418,99917.0670849336,76.6823231657,D:\Study\Code_1\paper_data\large_scale_lb_reference\split_enabled\length\Alabama\fixed_sfc_len_6\DMDCA\seed1\placement_trace_Alabama_mdca_seed1.json,1303,14634,5152,2516126.99999999,39795.2699999999,30.54126630851873,2.510777463877839,True
split_enabled,length,SFC length $6$,Alabama,fixed_sfc_len,6.0,DMDCA,mdca,2,a3934cc5f24c37c1a1bda5a8636d40d8eea6036d2104d1c78cd89305926f3631,2372,1287,0.5425801012,106413.3063406433,82.6832217099,D:\Study\Code_1\paper_data\large_scale_lb_reference\split_enabled\length\Alabama\fixed_sfc_len_6\DMDCA\seed2\placement_trace_Alabama_mdca_seed2.json,1287,14529,5038,2534314.666666679,39872.14666666679,30.98068894068904,2.6688632350363286,True
split_enabled,length,SFC length $6$,Alabama,fixed_sfc_len,6.0,DMDCA,mdca,3,595da92a490cc92afc8261eb4b68cc90371236488184d43708b2d96dd32414b5,2352,1297,0.5514455782,101089.1595304463,77.9407552278,D:\Study\Code_1\paper_data\large_scale_lb_reference\split_enabled\length\Alabama\fixed_sfc_len_6\DMDCA\seed3\placement_trace_Alabama_mdca_seed3.json,1297,14561,5050,2536491.0000000037,39925.91000000003,30.78327679259833,2.531918734737573,True
split_enabled,length,SFC length $6$,Alabama,fixed_sfc_len,6.0,DMDCA,mdca,4,653dc481affa3dd5aa9f0293164048feea31623ae5b2f8354f0438306d1822c4,2511,1323,0.5268817204,108590.3443184144,82.0788694773,D:\Study\Code_1\paper_data\large_scale_lb_reference\split_enabled\length\Alabama\fixed_sfc_len_6\DMDCA\seed4\placement_trace_Alabama_mdca_seed4.json,1323,14884,5138,2555922.666666684,40443.226666666844,30.569332325522936,2.685006941048899,True
split_enabled,length,SFC length $6$,Alabama,fixed_sfc_len,6.0,DMDCA,mdca,5,f88569b141a2cfd5fd98d94c78545be6d35b3cdcfd6e0228f78ef387f3d99ed6,2377,1267,0.5330248212,103934.3584195218,82.0318535276,D:\Study\Code_1\paper_data\large_scale_lb_reference\split_enabled\length\Alabama\fixed_sfc_len_6\DMDCA\seed5\placement_trace_Alabama_mdca_seed5.json,1267,14341,5054,2485115.9999999963,39192.15999999996,30.933038674033117,2.651917077791117,True
split_enabled,length,SFC length $1$,Arizona,fixed_sfc_len,1.0,MDCA,mdca,1,0f0bcc0ea3785d7ad56f5881151641e37e74a325a7f77c169600811e4fe1f5c0,2346,2346,1.0,18654.0312459545,7.9514199684,D:\Study\Code_1\paper_data\large_scale_lb_reference\split_enabled\length\Arizona\fixed_sfc_len_1\MDCA\seed1\placement_trace_Arizona_mdca_seed1.json,2346,3538,0,793576.0,11473.76,4.8907757885763,1.6257993234959158,True
split_enabled,length,SFC length $1$,Arizona,fixed_sfc_len,1.0,MDCA,mdca,2,409ca0d36b8f267d5b36551199fa0184b654f0d9f134661d2ef27c93dc5f7b36,2475,2475,1.0,18088.0245788392,7.3082927591,D:\Study\Code_1\paper_data\large_scale_lb_reference\split_enabled\length\Arizona\fixed_sfc_len_1\MDCA\seed2\placement_trace_Arizona_mdca_seed2.json,2475,3694,0,807479.0,11768.79,4.755066666666667,1.5369485375165328,True
split_enabled,length,SFC length $1$,Arizona,fixed_sfc_len,1.0,MDCA,mdca,3,e15fbd7dde203b134d66dad568e5024f0895af8e81efe74ebd04ef02541e029f,2384,2384,1.0,17799.2074510965,7.466110508,D:\Study\Code_1\paper_data\large_scale_lb_reference\split_enabled\length\Arizona\fixed_sfc_len_1\MDCA\seed3\placement_trace_Arizona_mdca_seed3.json,2384,3558,0,800031.0,11558.310000000001,4.848284395973155,1.539948958895937,True
split_enabled,length,SFC length $1$,Arizona,fixed_sfc_len,1.0,MDCA,mdca,4,77a894a9d9eeafa0779cec6a872d510515895bb2a284c543653fe00fbae8638d,2368,2368,1.0,16636.4688172588,7.0255358181,D:\Study\Code_1\paper_data\large_scale_lb_reference\split_enabled\length\Arizona\fixed_sfc_len_1\MDCA\seed4\placement_trace_Arizona_mdca_seed4.json,2368,3523,0,763275.0,11155.75,4.711043074324325,1.4912909322330457,True
split_enabled,length,SFC length $1$,Arizona,fixed_sfc_len,1.0,MDCA,mdca,5,425591745cf0bcb5ab7c37a971fcc7d1aa4f36972da05ed406bac5ff860695a1,2354,2354,1.0,17174.6611757713,7.2959478232,D:\Study\Code_1\paper_data\large_scale_lb_reference\split_enabled\length\Arizona\fixed_sfc_len_1\MDCA\seed5\placement_trace_Arizona_mdca_seed5.json,2354,3542,0,789535.0,11437.35,4.858687340696687,1.5016294137865238,True
split_enabled,length,SFC length $1$,Arizona,fixed_sfc_len,1.0,DMDCA,mdca,1,0f0bcc0ea3785d7ad56f5881151641e37e74a325a7f77c169600811e4fe1f5c0,2346,2346,1.0,17518.1111826523,7.4672255681,D:\Study\Code_1\paper_data\large_scale_lb_reference\split_enabled\length\Arizona\fixed_sfc_len_1\DMDCA\seed1\placement_trace_Arizona_mdca_seed1.json,2346,3538,766,734385.9999999998,10881.859999999997,4.638473998294969,1.6098453005876114,True
split_enabled,length,SFC length $1$,Arizona,fixed_sfc_len,1.0,DMDCA,mdca,2,409ca0d36b8f267d5b36551199fa0184b654f0d9f134661d2ef27c93dc5f7b36,2475,2475,1.0,17131.8409258197,6.9219559296,D:\Study\Code_1\paper_data\large_scale_lb_reference\split_enabled\length\Arizona\fixed_sfc_len_1\DMDCA\seed2\placement_trace_Arizona_mdca_seed2.json,2475,3694,792,749881.6666666665,11192.816666666666,4.522350168350168,1.5306103401872064,True
split_enabled,length,SFC length $1$,Arizona,fixed_sfc_len,1.0,DMDCA,mdca,3,e15fbd7dde203b134d66dad568e5024f0895af8e81efe74ebd04ef02541e029f,2384,2384,1.0,16967.1170793206,7.1170793118,D:\Study\Code_1\paper_data\large_scale_lb_reference\split_enabled\length\Arizona\fixed_sfc_len_1\DMDCA\seed3\placement_trace_Arizona_mdca_seed3.json,2384,3558,668,749325.6666666667,11051.256666666668,4.635594239373602,1.535311104527835,True
split_enabled,length,SFC length $1$,Arizona,fixed_sfc_len,1.0,DMDCA,mdca,4,77a894a9d9eeafa0779cec6a872d510515895bb2a284c543653fe00fbae8638d,2368,2368,1.0,15949.452720501,6.7354107772,D:\Study\Code_1\paper_data\large_scale_lb_reference\split_enabled\length\Arizona\fixed_sfc_len_1\DMDCA\seed4\placement_trace_Arizona_mdca_seed4.json,2368,3523,622,718814.3333333337,10711.143333333337,4.523286880630632,1.4890523097441817,True
split_enabled,length,SFC length $1$,Arizona,fixed_sfc_len,1.0,DMDCA,mdca,5,425591745cf0bcb5ab7c37a971fcc7d1aa4f36972da05ed406bac5ff860695a1,2354,2354,1.0,16429.6628972343,6.9794659716,D:\Study\Code_1\paper_data\large_scale_lb_reference\split_enabled\length\Arizona\fixed_sfc_len_1\DMDCA\seed5\placement_trace_Arizona_mdca_seed5.json,2354,3542,680,739003.6666666653,10932.036666666652,4.644025771736046,1.502891309112665,True
split_enabled,length,SFC length $3$,Arizona,fixed_sfc_len,3.0,MDCA,mdca,1,a81fba01abfab690e90913acf795692af25ed7b55e4b217bbeaae1c13870173c,2422,2410,0.995045417,83695.6310292583,34.7284776055,D:\Study\Code_1\paper_data\large_scale_lb_reference\split_enabled\length\Arizona\fixed_sfc_len_3\MDCA\seed1\placement_trace_Arizona_mdca_seed1.json,2410,12686,0,2689581.0,39581.81,16.42398755186722,2.114497316551676,True
split_enabled,length,SFC length $3$,Arizona,fixed_sfc_len,3.0,MDCA,mdca,2,23b2afb81fae4b77cb87cb1a4b29b82282c5e1e7e347996be599b595546d6233,2468,2457,0.9955429498,86225.9081564117,35.0939797136,D:\Study\Code_1\paper_data\large_scale_lb_reference\split_enabled\length\Arizona\fixed_sfc_len_3\MDCA\seed2\placement_trace_Arizona_mdca_seed2.json,2457,12881,0,2752658.0,40407.58,16.445901505901507,2.133904286186198,True
split_enabled,length,SFC length $3$,Arizona,fixed_sfc_len,3.0,MDCA,mdca,3,ce92923f853b17e332f46a8cec76a43ad6796003a56adda1e0f5782ac825bdd8,2445,2434,0.9955010225,84136.6590647631,34.5672387283,D:\Study\Code_1\paper_data\large_scale_lb_reference\split_enabled\length\Arizona\fixed_sfc_len_3\MDCA\seed3\placement_trace_Arizona_mdca_seed3.json,2434,12857,0,2758687.0,40443.869999999995,16.61621610517666,2.080331557409395,True
split_enabled,length,SFC length $3$,Arizona,fixed_sfc_len,3.0,MDCA,mdca,4,fb7a2d022b66adda48844b468693acd218187b51d115c1ae0513c5c7d3bed26f,2387,2375,0.9949727692,79597.6806094051,33.5148128882,D:\Study\Code_1\paper_data\large_scale_lb_reference\split_enabled\length\Arizona\fixed_sfc_len_3\MDCA\seed4\placement_trace_Arizona_mdca_seed4.json,2375,12463,0,2679229.0,39255.29,16.528543157894738,2.027693098418203,True
split_enabled,length,SFC length $3$,Arizona,fixed_sfc_len,3.0,MDCA,mdca,5,a089e85c059025f7875cbfc9aae93eaa36dbeac9106af71da68599f0a0b4efd0,2323,2309,0.9939733104,77623.7704366802,33.6179170362,D:\Study\Code_1\paper_data\large_scale_lb_reference\split_enabled\length\Arizona\fixed_sfc_len_3\MDCA\seed5\placement_trace_Arizona_mdca_seed5.json,2309,12144,0,2583104.0,37975.04,16.446530965786057,2.044073434463274,True
split_enabled,length,SFC length $3$,Arizona,fixed_sfc_len,3.0,DMDCA,mdca,1,a81fba01abfab690e90913acf795692af25ed7b55e4b217bbeaae1c13870173c,2422,2406,0.9933938893,76572.8296830091,31.8257812481,D:\Study\Code_1\paper_data\large_scale_lb_reference\split_enabled\length\Arizona\fixed_sfc_len_3\DMDCA\seed1\placement_trace_Arizona_mdca_seed1.json,2406,12871,4210,2456558.666666664,37436.58666666664,15.559678581324455,2.0454009433287674,True
split_enabled,length,SFC length $3$,Arizona,fixed_sfc_len,3.0,DMDCA,mdca,2,23b2afb81fae4b77cb87cb1a4b29b82282c5e1e7e347996be599b595546d6233,2468,2446,0.9910858995,78857.2916685795,32.2392852284,D:\Study\Code_1\paper_data\large_scale_lb_reference\split_enabled\length\Arizona\fixed_sfc_len_3\DMDCA\seed2\placement_trace_Arizona_mdca_seed2.json,2446,13024,4146,2514815.666666666,38172.15666666666,15.60595121286454,2.0658327575565205,True
split_enabled,length,SFC length $3$,Arizona,fixed_sfc_len,3.0,DMDCA,mdca,3,ce92923f853b17e332f46a8cec76a43ad6796003a56adda1e0f5782ac825bdd8,2445,2434,0.9955010225,77360.2153173505,31.783161593,D:\Study\Code_1\paper_data\large_scale_lb_reference\split_enabled\length\Arizona\fixed_sfc_len_3\DMDCA\seed3\placement_trace_Arizona_mdca_seed3.json,2434,13036,4032,2536011.0,38396.11,15.774901396877569,2.0147930432887735,True
split_enabled,length,SFC length $3$,Arizona,fixed_sfc_len,3.0,DMDCA,mdca,4,fb7a2d022b66adda48844b468693acd218187b51d115c1ae0513c5c7d3bed26f,2387,2372,0.9937159615,73026.0960651548,30.7867184086,D:\Study\Code_1\paper_data\large_scale_lb_reference\split_enabled\length\Arizona\fixed_sfc_len_3\DMDCA\seed4\placement_trace_Arizona_mdca_seed4.json,2372,12637,3962,2452060.666666668,37157.60666666668,15.665095559302985,1.9653067733952034,True
split_enabled,length,SFC length $3$,Arizona,fixed_sfc_len,3.0,DMDCA,mdca,5,a089e85c059025f7875cbfc9aae93eaa36dbeac9106af71da68599f0a0b4efd0,2323,2307,0.9931123547,71046.7798834517,30.7961768025,D:\Study\Code_1\paper_data\large_scale_lb_reference\split_enabled\length\Arizona\fixed_sfc_len_3\DMDCA\seed5\placement_trace_Arizona_mdca_seed5.json,2307,12296,3964,2356844.999999999,35864.44999999999,15.545925444299952,1.9809806056819976,True
split_enabled,length,SFC length $6$,Arizona,fixed_sfc_len,6.0,MDCA,mdca,1,85eaaf259e759021e9eb0321d25a6676fcec560abe9f552321f74fd8f72d84c4,2414,2084,0.8632974316,189850.9263869589,91.099292892,D:\Study\Code_1\paper_data\large_scale_lb_reference\split_enabled\length\Arizona\fixed_sfc_len_6\MDCA\seed1\placement_trace_Arizona_mdca_seed1.json,2084,23695,0,5017604.0,73871.04000000001,35.44675623800384,2.5700318607529944,True
split_enabled,length,SFC length $6$,Arizona,fixed_sfc_len,6.0,MDCA,mdca,2,ba0a42f912055f9aa91c8f0a8b1fdc9f672fbd3886e72355dd2c7e5abb9a9b7a,2475,2096,0.8468686869,202469.6896113949,96.5981343566,D:\Study\Code_1\paper_data\large_scale_lb_reference\split_enabled\length\Arizona\fixed_sfc_len_6\MDCA\seed2\placement_trace_Arizona_mdca_seed2.json,2096,23826,0,5048742.0,74313.42,35.45487595419847,2.724537366351796,True
split_enabled,length,SFC length $6$,Arizona,fixed_sfc_len,6.0,MDCA,mdca,3,5629f4305fb50972cb1a6988e9dca2c8e8e629c7bae98c08aceb627671c5c272,2341,2053,0.8769756514,193593.8537598967,94.2980291086,D:\Study\Code_1\paper_data\large_scale_lb_reference\split_enabled\length\Arizona\fixed_sfc_len_6\MDCA\seed3\placement_trace_Arizona_mdca_seed3.json,2053,23268,0,4949567.0,72763.67,35.44260594252314,2.660583966695148,True
split_enabled,length,SFC length $6$,Arizona,fixed_sfc_len,6.0,MDCA,mdca,4,094a7dfc5193f1be7c7febc96e84989da2e70aa9bce6e857efd3bd8f3e69f837,2456,2107,0.8578990228,188352.8195781423,89.3938393821,D:\Study\Code_1\paper_data\large_scale_lb_reference\split_enabled\length\Arizona\fixed_sfc_len_6\MDCA\seed4\placement_trace_Arizona_mdca_seed4.json,2107,23843,0,5115115.0,74994.15,35.59285714285714,2.511566829921298,True
split_enabled,length,SFC length $6$,Arizona,fixed_sfc_len,6.0,MDCA,mdca,5,722bea263aa7f99eb4a15f563485193b433316dc6f123c84e23c4948eeb357eb,2384,2076,0.8708053691,186406.3073324952,89.791092164,D:\Study\Code_1\paper_data\large_scale_lb_reference\split_enabled\length\Arizona\fixed_sfc_len_6\MDCA\seed5\placement_trace_Arizona_mdca_seed5.json,2076,23490,0,5002484.0,73514.84,35.41177263969171,2.5356282803920296,True
split_enabled,length,SFC length $6$,Arizona,fixed_sfc_len,6.0,DMDCA,mdca,1,85eaaf259e759021e9eb0321d25a6676fcec560abe9f552321f74fd8f72d84c4,2414,2128,0.8815244408,178709.3596689403,83.9799622504,D:\Study\Code_1\paper_data\large_scale_lb_reference\split_enabled\length\Arizona\fixed_sfc_len_6\DMDCA\seed1\placement_trace_Arizona_mdca_seed1.json,2128,24503,7770,4714181.666666699,71644.81666666699,33.667677005012685,2.494379467818298,True
split_enabled,length,SFC length $6$,Arizona,fixed_sfc_len,6.0,DMDCA,mdca,2,ba0a42f912055f9aa91c8f0a8b1fdc9f672fbd3886e72355dd2c7e5abb9a9b7a,2475,2171,0.8771717172,195981.5578077109,90.272481717,D:\Study\Code_1\paper_data\large_scale_lb_reference\split_enabled\length\Arizona\fixed_sfc_len_6\DMDCA\seed2\placement_trace_Arizona_mdca_seed2.json,2171,25044,7890,4848488.000000009,73528.88000000009,33.86866881621377,2.665368462129583,True
split_enabled,length,SFC length $6$,Arizona,fixed_sfc_len,6.0,DMDCA,mdca,3,5629f4305fb50972cb1a6988e9dca2c8e8e629c7bae98c08aceb627671c5c272,2341,2100,0.8970525416,184059.2134525646,87.6472445012,D:\Study\Code_1\paper_data\large_scale_lb_reference\split_enabled\length\Arizona\fixed_sfc_len_6\DMDCA\seed3\placement_trace_Arizona_mdca_seed3.json,2100,24171,7312,4698579.333333321,71156.79333333322,33.88418730158725,2.586670995562451,True
split_enabled,length,SFC length $6$,Arizona,fixed_sfc_len,6.0,DMDCA,mdca,4,094a7dfc5193f1be7c7febc96e84989da2e70aa9bce6e857efd3bd8f3e69f837,2456,2162,0.8802931596,180032.6728646189,83.2713565516,D:\Study\Code_1\paper_data\large_scale_lb_reference\split_enabled\length\Arizona\fixed_sfc_len_6\DMDCA\seed4\placement_trace_Arizona_mdca_seed4.json,2162,24894,7796,4867816.333333302,73572.16333333302,34.02967776749909,2.4470216003972287,True
split_enabled,length,SFC length $6$,Arizona,fixed_sfc_len,6.0,DMDCA,mdca,5,722bea263aa7f99eb4a15f563485193b433316dc6f123c84e23c4948eeb357eb,2384,2127,0.8921979866,177312.5287874425,83.3627309767,D:\Study\Code_1\paper_data\large_scale_lb_reference\split_enabled\length\Arizona\fixed_sfc_len_6\DMDCA\seed5\placement_trace_Arizona_mdca_seed5.json,2127,24467,7792,4748262.66666667,71949.6266666667,33.82681084469521,2.464398176920479,True
split_enabled,reliability,Reliability $0.990$,Alabama,fixed_reliability,0.99,MDCA,mdca,1,8a34c5a7a9d4c5c5ecac47fbb9f8342f7afc501ee6f521e29ba3198f57c1c2c9,1403,1384,0.9864575909,71426.6053717907,51.6088189103,D:\Study\Code_1\paper_data\large_scale_lb_reference\split_enabled\reliability\Alabama\fixed_reliability_0p99\MDCA\seed1\placement_trace_Alabama_mdca_seed1.json,1384,9439,0,2045623.0,29895.23,21.60059971098266,2.3892308362167043,True
split_enabled,reliability,Reliability $0.990$,Alabama,fixed_reliability,0.99,MDCA,mdca,2,0254b02c13ae69c1e1a6dca0b29512f63ab7fff4b919d833912032f84c5c7981,1390,1377,0.990647482,78491.3021526449,57.001671861,D:\Study\Code_1\paper_data\large_scale_lb_reference\split_enabled\reliability\Alabama\fixed_reliability_0p99\MDCA\seed2\placement_trace_Alabama_mdca_seed2.json,1377,9379,0,2029996.0,29678.96,21.55334785766158,2.6446783227122816,True
split_enabled,reliability,Reliability $0.990$,Alabama,fixed_reliability,0.99,MDCA,mdca,3,c4821a98a535b57e71dba0a5eee95ab91d2269db4a938e695ba8ca766296a735,1384,1359,0.9819364162,74749.8920321829,55.0035997293,D:\Study\Code_1\paper_data\large_scale_lb_reference\split_enabled\reliability\Alabama\fixed_reliability_0p99\MDCA\seed3\placement_trace_Alabama_mdca_seed3.json,1359,9245,0,2022183.0,29466.83,21.682729948491538,2.5367469806620835,True
split_enabled,reliability,Reliability $0.990$,Alabama,fixed_reliability,0.99,MDCA,mdca,4,7d64ef1a413bb99b623a9079e87e198f5948fc46c440f3e5dda29fc983224040,1431,1403,0.9804332635,76407.4497215832,54.4600496946,D:\Study\Code_1\paper_data\large_scale_lb_reference\split_enabled\reliability\Alabama\fixed_reliability_0p99\MDCA\seed4\placement_trace_Alabama_mdca_seed4.json,1403,9439,0,2031174.0,29750.74,21.205089094796865,2.568253755085863,True
split_enabled,reliability,Reliability $0.990$,Alabama,fixed_reliability,0.99,MDCA,mdca,5,73a5613a5e1f74c5e48b4b937145fb8e9e2563ba4a9baaf58098f458324dbc9f,1442,1408,0.9764216366,72883.438093116,51.7638054639,D:\Study\Code_1\paper_data\large_scale_lb_reference\split_enabled\reliability\Alabama\fixed_reliability_0p99\MDCA\seed5\placement_trace_Alabama_mdca_seed5.json,1408,9480,0,2069903.0,30179.03,21.433970170454543,2.415035807748493,True
split_enabled,reliability,Reliability $0.990$,Alabama,fixed_reliability,0.99,DMDCA,mdca,1,8a34c5a7a9d4c5c5ecac47fbb9f8342f7afc501ee6f521e29ba3198f57c1c2c9,1403,1388,0.9893086244,63847.6760757275,45.9997666252,D:\Study\Code_1\paper_data\large_scale_lb_reference\split_enabled\reliability\Alabama\fixed_reliability_0p99\DMDCA\seed1\placement_trace_Alabama_mdca_seed1.json,1388,9476,2600,1866755.3333333365,28143.553333333366,20.276335254562944,2.268643028814204,True
split_enabled,reliability,Reliability $0.990$,Alabama,fixed_reliability,0.99,DMDCA,mdca,2,0254b02c13ae69c1e1a6dca0b29512f63ab7fff4b919d833912032f84c5c7981,1390,1378,0.9913669065,70523.7704634185,51.1783530213,D:\Study\Code_1\paper_data\large_scale_lb_reference\split_enabled\reliability\Alabama\fixed_reliability_0p99\DMDCA\seed2\placement_trace_Alabama_mdca_seed2.json,1378,9380,2506,1844330.3333333305,27823.303333333304,20.191076439283965,2.5347015635964594,True
split_enabled,reliability,Reliability $0.990$,Alabama,fixed_reliability,0.99,DMDCA,mdca,3,c4821a98a535b57e71dba0a5eee95ab91d2269db4a938e695ba8ca766296a735,1384,1368,0.9884393064,68378.1924018384,49.9840587733,D:\Study\Code_1\paper_data\large_scale_lb_reference\split_enabled\reliability\Alabama\fixed_reliability_0p99\DMDCA\seed3\placement_trace_Alabama_mdca_seed3.json,1368,9346,2470,1868032.3333333335,28026.323333333334,20.487078460038987,2.439784612079753,True
split_enabled,reliability,Reliability $0.990$,Alabama,fixed_reliability,0.99,DMDCA,mdca,4,7d64ef1a413bb99b623a9079e87e198f5948fc46c440f3e5dda29fc983224040,1431,1417,0.9902166317,70126.3513237591,49.4893093322,D:\Study\Code_1\paper_data\large_scale_lb_reference\split_enabled\reliability\Alabama\fixed_reliability_0p99\DMDCA\seed4\placement_trace_Alabama_mdca_seed4.json,1417,9594,2568,1885042.3333333319,28444.423333333318,20.073693248647366,2.4653813685011414,True
split_enabled,reliability,Reliability $0.990$,Alabama,fixed_reliability,0.99,DMDCA,mdca,5,73a5613a5e1f74c5e48b4b937145fb8e9e2563ba4a9baaf58098f458324dbc9f,1442,1423,0.9868238558,67259.3770461418,47.265900946,D:\Study\Code_1\paper_data\large_scale_lb_reference\split_enabled\reliability\Alabama\fixed_reliability_0p99\DMDCA\seed5\placement_trace_Alabama_mdca_seed5.json,1423,9629,2588,1923989.666666666,28868.89666666666,20.287348325134687,2.329821531551725,True
split_enabled,reliability,Reliability $0.996$,Alabama,fixed_reliability,0.996,MDCA,mdca,1,a90c56c2c6acaf323fac300fa7049fc84678efcd8734fbf9caa1a532505729c6,1436,1374,0.9568245125,85234.0362879681,62.0335053042,D:\Study\Code_1\paper_data\large_scale_lb_reference\split_enabled\reliability\Alabama\fixed_reliability_0p996\MDCA\seed1\placement_trace_Alabama_mdca_seed1.json,1374,10384,0,2227230.0,32656.3,23.767321688500726,2.6100334786233623,True
split_enabled,reliability,Reliability $0.996$,Alabama,fixed_reliability,0.996,MDCA,mdca,2,7e52d31fdb5bd15ae4c86921d484cd899b8682060d2a83514ca66c5a44c638bc,1441,1347,0.9347675226,82589.6442468723,61.3137670727,D:\Study\Code_1\paper_data\large_scale_lb_reference\split_enabled\reliability\Alabama\fixed_reliability_0p996\MDCA\seed2\placement_trace_Alabama_mdca_seed2.json,1347,10065,0,2171712.0,31782.12,23.594743875278397,2.5986197348343123,True
split_enabled,reliability,Reliability $0.996$,Alabama,fixed_reliability,0.996,MDCA,mdca,3,32c151d9d483db53d83a78bb52cbf0e0f11fcc4ec06f818bcca35f5a09c67cca,1445,1369,0.9474048443,80773.6772398368,59.0019556171,D:\Study\Code_1\paper_data\large_scale_lb_reference\split_enabled\reliability\Alabama\fixed_reliability_0p996\MDCA\seed3\placement_trace_Alabama_mdca_seed3.json,1369,10270,0,2216891.0,32438.91,23.695332359386413,2.490024394772722,True
split_enabled,reliability,Reliability $0.996$,Alabama,fixed_reliability,0.996,MDCA,mdca,4,69a1ffeff9b29eb0bb16c5f756747736ccf481e4a1723e5bf97a5da884674c7c,1475,1387,0.9403389831,91793.8117034779,66.1815513363,D:\Study\Code_1\paper_data\large_scale_lb_reference\split_enabled\reliability\Alabama\fixed_reliability_0p996\MDCA\seed4\placement_trace_Alabama_mdca_seed4.json,1387,10516,0,2257152.0,33087.520000000004,23.85545782263879,2.77427294954345,True
split_enabled,reliability,Reliability $0.996$,Alabama,fixed_reliability,0.996,MDCA,mdca,5,25f8a5d2d4c20d874e49b75b37a195c3860a66093ec7d7471633ff76f7b46ab6,1442,1352,0.9375866852,81653.8029184719,60.3948246438,D:\Study\Code_1\paper_data\large_scale_lb_reference\split_enabled\reliability\Alabama\fixed_reliability_0p996\MDCA\seed5\placement_trace_Alabama_mdca_seed5.json,1352,10008,0,2162891.0,31636.91,23.400081360946746,2.580966438203728,True
split_enabled,reliability,Reliability $0.996$,Alabama,fixed_reliability,0.996,DMDCA,mdca,1,a90c56c2c6acaf323fac300fa7049fc84678efcd8734fbf9caa1a532505729c6,1436,1408,0.9805013928,81861.4743668708,58.140251681,D:\Study\Code_1\paper_data\large_scale_lb_reference\split_enabled\reliability\Alabama\fixed_reliability_0p996\DMDCA\seed1\placement_trace_Alabama_mdca_seed1.json,1408,10783,2660,2130515.6666666693,32088.156666666695,22.78988399621214,2.5511429409065687,True
split_enabled,reliability,Reliability $0.996$,Alabama,fixed_reliability,0.996,DMDCA,mdca,2,7e52d31fdb5bd15ae4c86921d484cd899b8682060d2a83514ca66c5a44c638bc,1441,1383,0.9597501735,79785.5576856387,57.6902080156,D:\Study\Code_1\paper_data\large_scale_lb_reference\split_enabled\reliability\Alabama\fixed_reliability_0p996\DMDCA\seed2\placement_trace_Alabama_mdca_seed2.json,1383,10481,2508,2092950.3333333305,31410.503333333305,22.71186068932271,2.540091664209948,True
split_enabled,reliability,Reliability $0.996$,Alabama,fixed_reliability,0.996,DMDCA,mdca,3,32c151d9d483db53d83a78bb52cbf0e0f11fcc4ec06f818bcca35f5a09c67cca,1445,1406,0.9730103806,78160.7467451033,55.5908582824,D:\Study\Code_1\paper_data\large_scale_lb_reference\split_enabled\reliability\Alabama\fixed_reliability_0p996\DMDCA\seed3\placement_trace_Alabama_mdca_seed3.json,1406,10705,2608,2144024.0,32145.24,22.86290184921764,2.4314874222467555,True
split_enabled,reliability,Reliability $0.996$,Alabama,fixed_reliability,0.996,DMDCA,mdca,4,69a1ffeff9b29eb0bb16c5f756747736ccf481e4a1723e5bf97a5da884674c7c,1475,1404,0.9518644068,86841.8045659032,61.8531371552,D:\Study\Code_1\paper_data\large_scale_lb_reference\split_enabled\reliability\Alabama\fixed_reliability_0p996\DMDCA\seed4\placement_trace_Alabama_mdca_seed4.json,1404,10777,2540,2136520.999999998,32142.20999999998,22.893311965811954,2.7017994271676793,True
split_enabled,reliability,Reliability $0.996$,Alabama,fixed_reliability,0.996,DMDCA,mdca,5,25f8a5d2d4c20d874e49b75b37a195c3860a66093ec7d7471633ff76f7b46ab6,1442,1395,0.96740638,79770.140993134,57.1828967693,D:\Study\Code_1\paper_data\large_scale_lb_reference\split_enabled\reliability\Alabama\fixed_reliability_0p996\DMDCA\seed5\placement_trace_Alabama_mdca_seed5.json,1395,10463,2536,2091361.3333333316,31376.613333333316,22.492195937873344,2.5423438835060397,True
split_enabled,reliability,Reliability $0.999$,Alabama,fixed_reliability,0.999,MDCA,mdca,1,b56db0d21b7c94cf1cbfdd4fe281852f506f1185a6b9dd5f9c177f64d601d89e,1390,898,0.6460431655,47604.1810197264,53.0113374384,D:\Study\Code_1\paper_data\large_scale_lb_reference\split_enabled\reliability\Alabama\fixed_reliability_0p999\MDCA\seed1\placement_trace_Alabama_mdca_seed1.json,898,6742,0,1514305.0,21885.050000000003,24.370879732739425,2.1751917870750304,True
split_enabled,reliability,Reliability $0.999$,Alabama,fixed_reliability,0.999,MDCA,mdca,2,7404bdc3256a959c684d62eb3c10d5587d4c6ffb0abc5e614f237785895deb33,1409,944,0.6699787083,46303.5987269399,49.0504223802,D:\Study\Code_1\paper_data\large_scale_lb_reference\split_enabled\reliability\Alabama\fixed_reliability_0p999\MDCA\seed2\placement_trace_Alabama_mdca_seed2.json,944,6902,0,1511438.0,22016.38,23.32243644067797,2.103143147372088,True
split_enabled,reliability,Reliability $0.999$,Alabama,fixed_reliability,0.999,MDCA,mdca,3,bf61d259221c74149048e65e7fb1851e9cd650f207285111a85f27e2ebb5110c,1395,926,0.6637992832,48025.6199445348,51.8635204585,D:\Study\Code_1\paper_data\large_scale_lb_reference\split_enabled\reliability\Alabama\fixed_reliability_0p999\MDCA\seed3\placement_trace_Alabama_mdca_seed3.json,926,6780,0,1487219.0,21652.190000000002,23.38249460043197,2.2180490723818145,True
split_enabled,reliability,Reliability $0.999$,Alabama,fixed_reliability,0.999,MDCA,mdca,4,6c0c7e32fc521a83cd61c5d1ea84c5be7a21379cba43238204f84183943fd924,1420,916,0.6450704225,45415.9604851102,49.5807428877,D:\Study\Code_1\paper_data\large_scale_lb_reference\split_enabled\reliability\Alabama\fixed_reliability_0p999\MDCA\seed4\placement_trace_Alabama_mdca_seed4.json,916,6777,0,1481349.0,21590.489999999998,23.570403930131,2.1035168949435703,True
split_enabled,reliability,Reliability $0.999$,Alabama,fixed_reliability,0.999,MDCA,mdca,5,242807615d01f26b618bf2474c8c191b5431614999303085f85b6b1352045e68,1423,909,0.638791286,45656.7757787736,50.2274761043,D:\Study\Code_1\paper_data\large_scale_lb_reference\split_enabled\reliability\Alabama\fixed_reliability_0p999\MDCA\seed5\placement_trace_Alabama_mdca_seed5.json,909,6534,0,1446887.0,21002.870000000003,23.105467546754678,2.173835089146083,True
split_enabled,reliability,Reliability $0.999$,Alabama,fixed_reliability,0.999,DMDCA,mdca,1,b56db0d21b7c94cf1cbfdd4fe281852f506f1185a6b9dd5f9c177f64d601d89e,1390,1087,0.7820143885,64633.1905515143,59.4601569011,D:\Study\Code_1\paper_data\large_scale_lb_reference\split_enabled\reliability\Alabama\fixed_reliability_0p999\DMDCA\seed1\placement_trace_Alabama_mdca_seed1.json,1087,9040,2162,1845661.6666666658,27496.616666666658,25.295875498313393,2.35058703167169,True
split_enabled,reliability,Reliability $0.999$,Alabama,fixed_reliability,0.999,DMDCA,mdca,2,7404bdc3256a959c684d62eb3c10d5587d4c6ffb0abc5e614f237785895deb33,1409,1116,0.7920511001,60612.2755610595,54.3120748755,D:\Study\Code_1\paper_data\large_scale_lb_reference\split_enabled\reliability\Alabama\fixed_reliability_0p999\DMDCA\seed2\placement_trace_Alabama_mdca_seed2.json,1116,8931,2068,1790685.6666666707,26837.856666666707,24.04825866188773,2.2584618553515665,True
split_enabled,reliability,Reliability $0.999$,Alabama,fixed_reliability,0.999,DMDCA,mdca,3,bf61d259221c74149048e65e7fb1851e9cd650f207285111a85f27e2ebb5110c,1395,1115,0.7992831541,64965.0784696887,58.2646443674,D:\Study\Code_1\paper_data\large_scale_lb_reference\split_enabled\reliability\Alabama\fixed_reliability_0p999\DMDCA\seed3\placement_trace_Alabama_mdca_seed3.json,1115,9028,2140,1832332.6666666681,27351.326666666682,24.53033781763828,2.375207581753694,True
split_enabled,reliability,Reliability $0.999$,Alabama,fixed_reliability,0.999,DMDCA,mdca,4,6c0c7e32fc521a83cd61c5d1ea84c5be7a21379cba43238204f84183943fd924,1420,1113,0.7838028169,63613.6896629575,57.1551569299,D:\Study\Code_1\paper_data\large_scale_lb_reference\split_enabled\reliability\Alabama\fixed_reliability_0p999\DMDCA\seed4\placement_trace_Alabama_mdca_seed4.json,1113,9162,2226,1848018.0000000063,27642.180000000062,24.83574123989224,2.301326800670474,True
split_enabled,reliability,Reliability $0.999$,Alabama,fixed_reliability,0.999,DMDCA,mdca,5,242807615d01f26b618bf2474c8c191b5431614999303085f85b6b1352045e68,1423,1117,0.7849613493,64319.9107847037,57.5827312307,D:\Study\Code_1\paper_data\large_scale_lb_reference\split_enabled\reliability\Alabama\fixed_reliability_0p999\DMDCA\seed5\placement_trace_Alabama_mdca_seed5.json,1117,8915,2042,1819465.3333333284,27109.653333333285,24.270056699492645,2.372583300636224,True
split_enabled,reliability,Reliability $0.990$,Arizona,fixed_reliability,0.99,MDCA,mdca,1,0be56a03d78cdedc4e9b1608fc9878bfa232942c164966c435115df75f962959,1432,1423,0.9937150838,58995.7679015406,41.4587265647,D:\Study\Code_1\paper_data\large_scale_lb_reference\split_enabled\reliability\Arizona\fixed_reliability_0p99\MDCA\seed1\placement_trace_Arizona_mdca_seed1.json,1423,9866,0,2116925.0,31035.25,21.809732958538298,1.9009277483358633,True
split_enabled,reliability,Reliability $0.990$,Arizona,fixed_reliability,0.99,MDCA,mdca,2,e23f82558bd849d54732f242e35f0de6a31ea226a28d9f748801b4c626e26eb1,1433,1408,0.9825540823,56295.5152499601,39.9826102628,D:\Study\Code_1\paper_data\large_scale_lb_reference\split_enabled\reliability\Arizona\fixed_reliability_0p99\MDCA\seed2\placement_trace_Arizona_mdca_seed2.json,1408,9417,0,2022892.0,29645.920000000002,21.055340909090912,1.8989296081875717,True
split_enabled,reliability,Reliability $0.990$,Arizona,fixed_reliability,0.99,MDCA,mdca,3,cbda46527c87099ce4b188e89a22d3812eca7d71f63d08d3f464a927c048d762,1465,1450,0.9897610922,59131.896326905,40.7806181565,D:\Study\Code_1\paper_data\large_scale_lb_reference\split_enabled\reliability\Arizona\fixed_reliability_0p99\MDCA\seed3\placement_trace_Arizona_mdca_seed3.json,1450,10025,0,2164842.0,31673.420000000002,21.843737931034482,1.8669248956034743,True
split_enabled,reliability,Reliability $0.990$,Arizona,fixed_reliability,0.99,MDCA,mdca,4,3b03fa9a5af2bf8d20266bf19e283cbeb4546da10b4b938e191d22cb52e2e2a7,1449,1431,0.9875776398,57681.2540593538,40.3083536404,D:\Study\Code_1\paper_data\large_scale_lb_reference\split_enabled\reliability\Arizona\fixed_reliability_0p99\MDCA\seed4\placement_trace_Arizona_mdca_seed4.json,1431,9706,0,2110586.0,30811.86,21.531698113207547,1.8720471292338015,True
split_enabled,reliability,Reliability $0.990$,Arizona,fixed_reliability,0.99,MDCA,mdca,5,26302f5dca2282e3b92f65a8a1e0c06fc3a6350a16c15725fccd6485d2e7e110,1402,1382,0.9857346648,56194.8320762922,40.6619624286,D:\Study\Code_1\paper_data\large_scale_lb_reference\split_enabled\reliability\Arizona\fixed_reliability_0p99\MDCA\seed5\placement_trace_Arizona_mdca_seed5.json,1382,9402,0,2048070.0,29882.7,21.622793053545585,1.8805138784745756,True
split_enabled,reliability,Reliability $0.990$,Arizona,fixed_reliability,0.99,DMDCA,mdca,1,0be56a03d78cdedc4e9b1608fc9878bfa232942c164966c435115df75f962959,1432,1415,0.9881284916,53224.5895046582,37.6145508867,D:\Study\Code_1\paper_data\large_scale_lb_reference\split_enabled\reliability\Arizona\fixed_reliability_0p99\DMDCA\seed1\placement_trace_Arizona_mdca_seed1.json,1415,9781,2634,1903665.6666666705,28817.656666666706,20.365835100117813,1.8469437026162825,True
split_enabled,reliability,Reliability $0.990$,Arizona,fixed_reliability,0.99,DMDCA,mdca,2,e23f82558bd849d54732f242e35f0de6a31ea226a28d9f748801b4c626e26eb1,1433,1406,0.9811584089,51141.7705784717,36.3739477799,D:\Study\Code_1\paper_data\large_scale_lb_reference\split_enabled\reliability\Arizona\fixed_reliability_0p99\DMDCA\seed2\placement_trace_Arizona_mdca_seed2.json,1406,9387,2586,1829657.6666666649,27683.57666666665,19.689599336178272,1.8473686111538719,True
split_enabled,reliability,Reliability $0.990$,Arizona,fixed_reliability,0.99,DMDCA,mdca,3,cbda46527c87099ce4b188e89a22d3812eca7d71f63d08d3f464a927c048d762,1465,1442,0.9843003413,54003.2164323599,37.4502194399,D:\Study\Code_1\paper_data\large_scale_lb_reference\split_enabled\reliability\Arizona\fixed_reliability_0p99\DMDCA\seed3\placement_trace_Arizona_mdca_seed3.json,1442,9940,2612,1961734.3333333344,29557.343333333345,20.49746417013408,1.8270659789460062,True
split_enabled,reliability,Reliability $0.990$,Arizona,fixed_reliability,0.99,DMDCA,mdca,4,3b03fa9a5af2bf8d20266bf19e283cbeb4546da10b4b938e191d22cb52e2e2a7,1449,1425,0.983436853,52502.3194782953,36.8437329672,D:\Study\Code_1\paper_data\large_scale_lb_reference\split_enabled\reliability\Arizona\fixed_reliability_0p99\DMDCA\seed4\placement_trace_Arizona_mdca_seed4.json,1425,9643,2528,1910618.3333333337,28749.183333333338,20.174865497076027,1.8262195092485047,True
split_enabled,reliability,Reliability $0.990$,Arizona,fixed_reliability,0.99,DMDCA,mdca,5,26302f5dca2282e3b92f65a8a1e0c06fc3a6350a16c15725fccd6485d2e7e110,1402,1379,0.9835948645,51302.6156457594,37.2027669657,D:\Study\Code_1\paper_data\large_scale_lb_reference\split_enabled\reliability\Arizona\fixed_reliability_0p99\DMDCA\seed5\placement_trace_Arizona_mdca_seed5.json,1379,9371,2476,1859502.9999999995,27966.029999999995,20.279934735315443,1.8344618684081868,True
split_enabled,reliability,Reliability $0.996$,Arizona,fixed_reliability,0.996,MDCA,mdca,1,ab436247d448ea617d3a5398fb4f74bc7adb79425366f0140e55632e04e7a18d,1425,1408,0.9880701754,70016.5950342373,49.7276953368,D:\Study\Code_1\paper_data\large_scale_lb_reference\split_enabled\reliability\Arizona\fixed_reliability_0p996\MDCA\seed1\placement_trace_Arizona_mdca_seed1.json,1408,10935,0,2422807.0,35163.07,24.973771306818183,1.991196873146665,True
split_enabled,reliability,Reliability $0.996$,Arizona,fixed_reliability,0.996,MDCA,mdca,2,f818ce0a9b7ae042394d7ffcafbed9c1dd8c3879b8dbb8fb57c8ed1f23bf9f95,1422,1410,0.9915611814,68957.883784789,48.9063005566,D:\Study\Code_1\paper_data\large_scale_lb_reference\split_enabled\reliability\Arizona\fixed_reliability_0p996\MDCA\seed2\placement_trace_Arizona_mdca_seed2.json,1410,11012,0,2379000.0,34802.0,24.6822695035461,1.981434509073875,True
split_enabled,reliability,Reliability $0.996$,Arizona,fixed_reliability,0.996,MDCA,mdca,3,4dd31115ff65b2f48495b908efcd0ed7b782ea706500412cf036968336fe97ad,1481,1466,0.9898717083,72388.8243250728,49.3784613404,D:\Study\Code_1\paper_data\large_scale_lb_reference\split_enabled\reliability\Arizona\fixed_reliability_0p996\MDCA\seed3\placement_trace_Arizona_mdca_seed3.json,1466,11278,0,2464846.0,35926.46,24.506452933151433,2.01491670276094,True
split_enabled,reliability,Reliability $0.996$,Arizona,fixed_reliability,0.996,MDCA,mdca,4,eb778035eccc50dd61851e611dcf76fea4c13140421f2db3d3f97b843f8afc16,1495,1471,0.9839464883,75935.1731827777,51.6214637544,D:\Study\Code_1\paper_data\large_scale_lb_reference\split_enabled\reliability\Arizona\fixed_reliability_0p996\MDCA\seed4\placement_trace_Arizona_mdca_seed4.json,1471,11504,0,2507240.0,36576.4,24.864989802855202,2.0760701759270375,True
split_enabled,reliability,Reliability $0.996$,Arizona,fixed_reliability,0.996,MDCA,mdca,5,6e5dca1c515ff537c908fc097d543d0e20d8ef5899d5b38e36633279a26e125e,1415,1404,0.9922261484,63740.7928940481,45.3994251382,D:\Study\Code_1\paper_data\large_scale_lb_reference\split_enabled\reliability\Arizona\fixed_reliability_0p996\MDCA\seed5\placement_trace_Arizona_mdca_seed5.json,1404,10723,0,2346845.0,34191.45,24.352884615384614,1.8642319320779934,True
split_enabled,reliability,Reliability $0.996$,Arizona,fixed_reliability,0.996,DMDCA,mdca,1,ab436247d448ea617d3a5398fb4f74bc7adb79425366f0140e55632e04e7a18d,1425,1406,0.9866666667,64098.9582020065,45.5895862034,D:\Study\Code_1\paper_data\large_scale_lb_reference\split_enabled\reliability\Arizona\fixed_reliability_0p996\DMDCA\seed1\placement_trace_Arizona_mdca_seed1.json,1406,10916,2606,2222263.6666666693,33138.636666666695,23.569442863916567,1.9342666038667184,True
split_enabled,reliability,Reliability $0.996$,Arizona,fixed_reliability,0.996,DMDCA,mdca,2,f818ce0a9b7ae042394d7ffcafbed9c1dd8c3879b8dbb8fb57c8ed1f23bf9f95,1422,1407,0.9894514768,63323.7554905281,45.0062228078,D:\Study\Code_1\paper_data\large_scale_lb_reference\split_enabled\reliability\Arizona\fixed_reliability_0p996\DMDCA\seed2\placement_trace_Arizona_mdca_seed2.json,1407,10986,2610,2181242.333333333,32798.42333333333,23.310890784174365,1.9306951083277104,True
split_enabled,reliability,Reliability $0.996$,Arizona,fixed_reliability,0.996,DMDCA,mdca,3,4dd31115ff65b2f48495b908efcd0ed7b782ea706500412cf036968336fe97ad,1481,1464,0.9885212694,66318.9699887669,45.2998428885,D:\Study\Code_1\paper_data\large_scale_lb_reference\split_enabled\reliability\Arizona\fixed_reliability_0p996\DMDCA\seed3\placement_trace_Arizona_mdca_seed3.json,1464,11264,2514,2277606.0000000047,34040.06000000005,23.25140710382517,1.94826242928969,True
split_enabled,reliability,Reliability $0.996$,Arizona,fixed_reliability,0.996,DMDCA,mdca,4,eb778035eccc50dd61851e611dcf76fea4c13140421f2db3d3f97b843f8afc16,1495,1463,0.9785953177,69358.0720408142,47.4081148604,D:\Study\Code_1\paper_data\large_scale_lb_reference\split_enabled\reliability\Arizona\fixed_reliability_0p996\DMDCA\seed4\placement_trace_Arizona_mdca_seed4.json,1463,11412,2576,2294797.333333341,34359.973333333415,23.48596946912742,2.018571765698325,True
split_enabled,reliability,Reliability $0.996$,Arizona,fixed_reliability,0.996,DMDCA,mdca,5,6e5dca1c515ff537c908fc097d543d0e20d8ef5899d5b38e36633279a26e125e,1415,1401,0.9901060071,58768.5935303161,41.9476042329,D:\Study\Code_1\paper_data\large_scale_lb_reference\split_enabled\reliability\Arizona\fixed_reliability_0p996\DMDCA\seed5\placement_trace_Arizona_mdca_seed5.json,1401,10691,2596,2145464.333333336,32145.64333333336,22.94478467761125,1.8281977722740466,True
split_enabled,reliability,Reliability $0.999$,Arizona,fixed_reliability,0.999,MDCA,mdca,1,6aa26bd8bed79c36458fd5348c96cb321c8416776732e223d147a84ab3c5a430,1455,934,0.6419243986,39120.3752721586,41.8847700987,D:\Study\Code_1\paper_data\large_scale_lb_reference\split_enabled\reliability\Arizona\fixed_reliability_0p999\MDCA\seed1\placement_trace_Arizona_mdca_seed1.json,934,7076,0,1550991.0,22585.91,24.181916488222697,1.7320699175795262,True
split_enabled,reliability,Reliability $0.999$,Arizona,fixed_reliability,0.999,MDCA,mdca,2,3f7070bdd94ca4831cf768c839bda31c7088343ae5b5e4244961b9f37d0b87be,1444,894,0.6191135734,32561.0035528434,36.4217041978,D:\Study\Code_1\paper_data\large_scale_lb_reference\split_enabled\reliability\Arizona\fixed_reliability_0p999\MDCA\seed2\placement_trace_Arizona_mdca_seed2.json,894,6448,0,1394545.0,20393.45,22.811465324384788,1.596640271893348,True
split_enabled,reliability,Reliability $0.999$,Arizona,fixed_reliability,0.999,MDCA,mdca,3,fc283134865706015a2d74f7453479e826aac6b86f38840e3ab8670ca6592033,1492,967,0.6481233244,41528.640902061,42.9458540869,D:\Study\Code_1\paper_data\large_scale_lb_reference\split_enabled\reliability\Arizona\fixed_reliability_0p999\MDCA\seed3\placement_trace_Arizona_mdca_seed3.json,967,7159,0,1590090.0,23059.9,23.846845915201655,1.8009029051323293,True
split_enabled,reliability,Reliability $0.999$,Arizona,fixed_reliability,0.999,MDCA,mdca,4,c5d4cf64f89c549094607b0ba48289f3d80ef88839bcacc95dda2bf52aa9edcb,1418,928,0.6544428773,37406.0627524222,40.3082572763,D:\Study\Code_1\paper_data\large_scale_lb_reference\split_enabled\reliability\Arizona\fixed_reliability_0p999\MDCA\seed4\placement_trace_Arizona_mdca_seed4.json,928,6760,0,1478045.0,21540.45,23.211691810344828,1.7365497356100823,True
split_enabled,reliability,Reliability $0.999$,Arizona,fixed_reliability,0.999,MDCA,mdca,5,1748f1275925d0d4d9759bbc89df8077cb24da27270c0977cc7d034960fe63de,1398,885,0.6330472103,35937.4674167936,40.6073078156,D:\Study\Code_1\paper_data\large_scale_lb_reference\split_enabled\reliability\Arizona\fixed_reliability_0p999\MDCA\seed5\placement_trace_Arizona_mdca_seed5.json,885,6545,0,1445256.0,20997.559999999998,23.72605649717514,1.7115068330221992,True
split_enabled,reliability,Reliability $0.999$,Arizona,fixed_reliability,0.999,DMDCA,mdca,1,6aa26bd8bed79c36458fd5348c96cb321c8416776732e223d147a84ab3c5a430,1455,1154,0.7931271478,53440.9521289145,46.3093172694,D:\Study\Code_1\paper_data\large_scale_lb_reference\split_enabled\reliability\Arizona\fixed_reliability_0p999\DMDCA\seed1\placement_trace_Arizona_mdca_seed1.json,1154,9626,2266,1946848.6666666698,29094.486666666697,25.211860196418282,1.836806840456867,True
split_enabled,reliability,Reliability $0.999$,Arizona,fixed_reliability,0.999,DMDCA,mdca,2,3f7070bdd94ca4831cf768c839bda31c7088343ae5b5e4244961b9f37d0b87be,1444,1117,0.7735457064,46927.0575591433,42.011689847,D:\Study\Code_1\paper_data\large_scale_lb_reference\split_enabled\reliability\Arizona\fixed_reliability_0p999\DMDCA\seed2\placement_trace_Arizona_mdca_seed2.json,1117,9182,2234,1834839.6666666637,27530.39666666664,24.64672933452698,1.7045543559480139,True
split_enabled,reliability,Reliability $0.999$,Arizona,fixed_reliability,0.999,DMDCA,mdca,3,fc283134865706015a2d74f7453479e826aac6b86f38840e3ab8670ca6592033,1492,1165,0.7808310992,54545.9579329987,46.8205647494,D:\Study\Code_1\paper_data\large_scale_lb_reference\split_enabled\reliability\Arizona\fixed_reliability_0p999\DMDCA\seed3\placement_trace_Arizona_mdca_seed3.json,1165,9566,2220,1940375.3333333337,28969.753333333338,24.866741058655226,1.8828589013299168,True
split_enabled,reliability,Reliability $0.999$,Arizona,fixed_reliability,0.999,DMDCA,mdca,4,c5d4cf64f89c549094607b0ba48289f3d80ef88839bcacc95dda2bf52aa9edcb,1418,1136,0.8011283498,51094.1803593291,44.9772714431,D:\Study\Code_1\paper_data\large_scale_lb_reference\split_enabled\reliability\Arizona\fixed_reliability_0p999\DMDCA\seed4\placement_trace_Arizona_mdca_seed4.json,1136,9254,2140,1861924.3333333316,27873.243333333317,24.536305751173696,1.8330906004837302,True
split_enabled,reliability,Reliability $0.999$,Arizona,fixed_reliability,0.999,DMDCA,mdca,5,1748f1275925d0d4d9759bbc89df8077cb24da27270c0977cc7d034960fe63de,1398,1087,0.7775393419,50575.7800738084,46.5278565536,D:\Study\Code_1\paper_data\large_scale_lb_reference\split_enabled\reliability\Arizona\fixed_reliability_0p999\DMDCA\seed5\placement_trace_Arizona_mdca_seed5.json,1087,8988,2100,1829229.3333333337,27280.29333333334,25.09686599202699,1.8539309477296084,True
